/*
SQLyog Ultimate v9.02 
MySQL - 5.7.12-log : Database - sms_core
*********************************************************************
*/

/*!40101 SET NAMES utf8 */;

/*!40101 SET SQL_MODE=''*/;

/*!40014 SET @OLD_UNIQUE_CHECKS=@@UNIQUE_CHECKS, UNIQUE_CHECKS=0 */;
/*!40014 SET @OLD_FOREIGN_KEY_CHECKS=@@FOREIGN_KEY_CHECKS, FOREIGN_KEY_CHECKS=0 */;
/*!40101 SET @OLD_SQL_MODE=@@SQL_MODE, SQL_MODE='NO_AUTO_VALUE_ON_ZERO' */;
/*!40111 SET @OLD_SQL_NOTES=@@SQL_NOTES, SQL_NOTES=0 */;
CREATE DATABASE /*!32312 IF NOT EXISTS*/`sms_core` /*!40100 DEFAULT CHARACTER SET utf8 */;

USE `sms_core`;

/*Table structure for table `accessapp` */

DROP TABLE IF EXISTS `accessapp`;

CREATE TABLE `accessapp` (
  `id` bigint(20) NOT NULL AUTO_INCREMENT,
  `imei` varchar(20) DEFAULT NULL,
  `dateIni` timestamp NULL DEFAULT NULL,
  `dateEnd` timestamp NULL DEFAULT NULL,
  `statusAccessApp` varchar(20) DEFAULT NULL,
  `departamentId` bigint(20) DEFAULT NULL,
  PRIMARY KEY (`id`),
  KEY `R_11` (`departamentId`),
  CONSTRAINT `accessapp_ibfk_1` FOREIGN KEY (`departamentId`) REFERENCES `departament` (`id`)
) ENGINE=InnoDB AUTO_INCREMENT=2 DEFAULT CHARSET=utf8;

/*Data for the table `accessapp` */

insert  into `accessapp`(`id`,`imei`,`dateIni`,`dateEnd`,`statusAccessApp`,`departamentId`) values (1,'357722070285067','2016-07-31 23:00:00','2016-11-29 23:00:00','Activo',3);

/*Table structure for table `campaign` */

DROP TABLE IF EXISTS `campaign`;

CREATE TABLE `campaign` (
  `id` bigint(20) NOT NULL AUTO_INCREMENT,
  `campaingName` varchar(100) DEFAULT NULL,
  `description` varchar(200) DEFAULT NULL,
  `message` varchar(250) DEFAULT NULL,
  `statusCampaign` varchar(20) DEFAULT NULL,
  `dateCreated` timestamp NULL DEFAULT NULL,
  `createdBy` varchar(20) DEFAULT NULL,
  `departamentId` bigint(20) DEFAULT NULL,
  PRIMARY KEY (`id`),
  KEY `R_9` (`departamentId`),
  CONSTRAINT `campaign_ibfk_1` FOREIGN KEY (`departamentId`) REFERENCES `departament` (`id`)
) ENGINE=InnoDB AUTO_INCREMENT=11 DEFAULT CHARSET=utf8;

/*Data for the table `campaign` */

insert  into `campaign`(`id`,`campaingName`,`description`,`message`,`statusCampaign`,`dateCreated`,`createdBy`,`departamentId`) values (7,'Admisión 2016-2 CRM Pruebas','Examen de admisión.','textA www.upeu.edu.pe','Activo',NULL,NULL,3),(8,'Envío de Mensajes a Docentes de FIA','Envío de Mensajes a Docentes de FIA','Estimados Docentes, ','Activo','2016-08-28 15:36:50',NULL,2),(9,'Envío de Mensajes a ALUMNOS de FIA','Envio masivo para los alumnos de FIA','Estimados Alumnos,','Activo','2016-08-28 15:37:14',NULL,2),(10,'Pruebas de envio','Pruebas de envio masivo','Estimados docentes, el dia de hoy continua el OLIMPAZ en la Universidad Peruana Unión - JF a partir de las 7:00pm. Message of test by app SMM.','Activo','2016-09-12 17:00:44',NULL,3);

/*Table structure for table `departament` */

DROP TABLE IF EXISTS `departament`;

CREATE TABLE `departament` (
  `id` bigint(20) NOT NULL AUTO_INCREMENT,
  `areaName` varchar(100) DEFAULT NULL,
  `description` varchar(200) DEFAULT NULL,
  `statusDepartament` varchar(20) DEFAULT NULL,
  `dateCreated` timestamp NULL DEFAULT NULL,
  `createdBy` varchar(20) DEFAULT NULL,
  PRIMARY KEY (`id`)
) ENGINE=InnoDB AUTO_INCREMENT=5 DEFAULT CHARSET=utf8;

/*Data for the table `departament` */

insert  into `departament`(`id`,`areaName`,`description`,`statusDepartament`,`dateCreated`,`createdBy`) values (1,'Admision Filial Juliaca - UPeU','Aniversario del Universidad Peruana Unión FJ','Activo','2016-08-25 15:31:19',''),(2,'FIA - FJ','Facultad de Ingeniería y Arquitectura','Activo','2016-08-28 14:17:39',''),(3,'EP Sistemas','Escuela Profesional de Ingeniería de Sistemas','Activo','2016-08-28 14:17:59',''),(4,'EP de Civil','Escuela Profesional de Ingeniería Civil','Activo','2016-08-28 14:18:16','');

/*Table structure for table `role` */

DROP TABLE IF EXISTS `role`;

CREATE TABLE `role` (
  `id` bigint(20) NOT NULL AUTO_INCREMENT,
  `roleName` varchar(30) DEFAULT NULL,
  `description` varchar(100) DEFAULT NULL,
  `url` varchar(20) DEFAULT NULL,
  `statusRole` varchar(20) DEFAULT NULL,
  PRIMARY KEY (`id`)
) ENGINE=InnoDB AUTO_INCREMENT=4 DEFAULT CHARSET=utf8;

/*Data for the table `role` */

insert  into `role`(`id`,`roleName`,`description`,`url`,`statusRole`) values (1,'Administrador','Administrador del sistema','ROLE_ADMIN','Activo'),(2,'Administrador Departamento','Administrador del Departamento','ROLE_ADMIN_DEP','Activo'),(3,'Secretaria','Secretaria de Departamento','ROLE_SECRE','Activo');

/*Table structure for table `sms` */

DROP TABLE IF EXISTS `sms`;

CREATE TABLE `sms` (
  `id` bigint(20) NOT NULL AUTO_INCREMENT,
  `nameAll` varchar(80) DEFAULT NULL,
  `numPhone` varchar(10) DEFAULT NULL,
  `textA` varchar(250) DEFAULT NULL,
  `textB` varchar(250) DEFAULT NULL,
  `dateA` varchar(20) DEFAULT NULL,
  `dateB` varchar(20) DEFAULT NULL,
  `amountA` decimal(10,2) DEFAULT NULL,
  `amountB` decimal(10,2) DEFAULT NULL,
  `message` varchar(250) DEFAULT NULL,
  `dateProccess` timestamp NULL DEFAULT NULL,
  `dateCreated` timestamp NULL DEFAULT NULL,
  `createdBy` varchar(20) DEFAULT NULL,
  `statusSms` varchar(20) DEFAULT NULL,
  `campaignId` bigint(20) DEFAULT NULL,
  `departamentId` bigint(20) DEFAULT NULL,
  PRIMARY KEY (`id`),
  KEY `R_6` (`campaignId`),
  KEY `R_7` (`departamentId`),
  CONSTRAINT `sms_ibfk_1` FOREIGN KEY (`campaignId`) REFERENCES `campaign` (`id`),
  CONSTRAINT `sms_ibfk_2` FOREIGN KEY (`departamentId`) REFERENCES `departament` (`id`)
) ENGINE=InnoDB AUTO_INCREMENT=1292 DEFAULT CHARSET=utf8;

/*Data for the table `sms` */

insert  into `sms`(`id`,`nameAll`,`numPhone`,`textA`,`textB`,`dateA`,`dateB`,`amountA`,`amountB`,`message`,`dateProccess`,`dateCreated`,`createdBy`,`statusSms`,`campaignId`,`departamentId`) values (29,'Ing. Julio Acuña','951752058','','','','',NULL,NULL,'Estimados docentes, el dia de hoy continua el OLIMPAZ en la Universidad Peruana Unión - JF a partir de las 7:00pm. Message of test by app SMM.',NULL,NULL,NULL,'Espera',10,3),(30,'Wilson Cruz Mamani','953273641','','','','',NULL,NULL,'Estimados docentes, el dia de hoy continua el OLIMPAZ en la Universidad Peruana Unión - JF a partir de las 7:00pm. Message of test by app SMM.',NULL,NULL,NULL,'Espera',10,3),(31,'Rous Chipana Mamani','947880661','','','','',NULL,NULL,'Estimados docentes, el dia de hoy continua el OLIMPAZ en la Universidad Peruana Unión - JF a partir de las 7:00pm. Message of test by app SMM.',NULL,NULL,NULL,'Espera',10,3),(32,'Ing. Pedro Layme','951751595','','','','',NULL,NULL,'Estimados docentes, el dia de hoy continua el OLIMPAZ en la Universidad Peruana Unión - JF a partir de las 7:00pm. Message of test by app SMM.',NULL,NULL,NULL,'Espera',10,3),(33,'Bonnier Mamani','935203543','','','','',NULL,NULL,'Estimados docentes, el dia de hoy continua el OLIMPAZ en la Universidad Peruana Unión - JF a partir de las 7:00pm. Message of test by app SMM.',NULL,NULL,NULL,'Espera',10,3),(34,'Jose Limachi','959373902','','','','',NULL,NULL,'Estimados docentes, el dia de hoy continua el OLIMPAZ en la Universidad Peruana Unión - JF a partir de las 7:00pm. Message of test by app SMM.',NULL,NULL,NULL,'Espera',10,3),(35,'Omar Calsin Curo','995590753','','','','',NULL,NULL,'Estimados docentes, el dia de hoy continua el OLIMPAZ en la Universidad Peruana Unión - JF a partir de las 7:00pm. Message of test by app SMM.',NULL,'2016-09-13 06:53:14',NULL,'Espera',10,3),(36,'RRHH Secre','951769875','','','','',NULL,NULL,'Estimados docentes, el dia de hoy continua el OLIMPAZ en la Universidad Peruana Unión - JF a partir de las 7:00pm. Message of test by app SMM.',NULL,'2016-09-13 07:14:29',NULL,'Espera',10,3),(37,'Ernera Curo Zapana','951980032','','','','',NULL,NULL,'Estimados docentes, el dia de hoy continua el OLIMPAZ en la Universidad Peruana Unión - JF a partir de las 7:00pm. Message of test by app SMM.',NULL,'2016-09-13 07:15:57',NULL,'Espera',10,3),(38,'David Mamani Pari','951751596','','','','',NULL,NULL,'Estimados docentes, el dia de hoy continua el OLIMPAZ en la Universidad Peruana Unión - JF a partir de las 7:00pm. Message of test by app SMM.',NULL,'2016-09-13 07:17:09',NULL,'Espera',10,3),(786,'Cristhian Reynaldo, Turpo Mendoza','989609144','Comienza aquí la carrera de tu vida.','','','',NULL,NULL,'Comienza aquí la carrera de tu vida. www.upeu.edu.pe',NULL,NULL,NULL,'Procesado',7,3),(787,'Jean Toussaint, Taquiri Cáceres','937707756','Comienza aquí la carrera de tu vida.','','','',NULL,NULL,'Comienza aquí la carrera de tu vida. www.upeu.edu.pe',NULL,NULL,NULL,'Procesado',7,3),(788,'Deysi L. Saraza Ruelas','975459765','Comienza aquí la carrera de tu vida.','','','',NULL,NULL,'Comienza aquí la carrera de tu vida. www.upeu.edu.pe',NULL,NULL,NULL,'Procesado',7,3),(789,'Yakeline Ines, Pinto Suxo','943383200','Comienza aquí la carrera de tu vida.','','','',NULL,NULL,'Comienza aquí la carrera de tu vida. www.upeu.edu.pe',NULL,NULL,NULL,'Procesado',7,3),(790,'Victor Raúl, Santi Mamani','998481864','Comienza aquí la carrera de tu vida.','','','',NULL,NULL,'Comienza aquí la carrera de tu vida. www.upeu.edu.pe',NULL,NULL,NULL,'Procesado',7,3),(791,'Jackeline Rosario Juarez Suero','951748930','Comienza aquí la carrera de tu vida.','','','',NULL,NULL,'Comienza aquí la carrera de tu vida. www.upeu.edu.pe',NULL,NULL,NULL,'Procesado',7,3),(792,'Efrain Ruben, Ucharico Arratia','942907830','Comienza aquí la carrera de tu vida.','','','',NULL,NULL,'Comienza aquí la carrera de tu vida. www.upeu.edu.pe',NULL,NULL,NULL,'Procesado',7,3),(793,'Alex Victor, Vasquez Acero','996698662','Comienza aquí la carrera de tu vida.','','','',NULL,NULL,'Comienza aquí la carrera de tu vida. www.upeu.edu.pe',NULL,NULL,NULL,'Procesado',7,3),(794,'Elmer Ivan, Ucharico Vilca','968185182','Comienza aquí la carrera de tu vida.','','','',NULL,NULL,'Comienza aquí la carrera de tu vida. www.upeu.edu.pe',NULL,NULL,NULL,'Procesado',7,3),(795,'Rosa Gladys Villanueva Mamani','979999044','Comienza aquí la carrera de tu vida.','','','',NULL,NULL,'Comienza aquí la carrera de tu vida. www.upeu.edu.pe',NULL,NULL,NULL,'Procesado',7,3),(796,'Jonatan José Salcedo Callo','935043426','Comienza aquí la carrera de tu vida.','','','',NULL,NULL,'Comienza aquí la carrera de tu vida. www.upeu.edu.pe',NULL,NULL,NULL,'Procesado',7,3),(797,'Eddy Ivan, Ucharico Arratia','942907830','Comienza aquí la carrera de tu vida.','','','',NULL,NULL,'Comienza aquí la carrera de tu vida. www.upeu.edu.pe',NULL,NULL,NULL,'Procesado',7,3),(798,'Elvis Rudy, Poma Yapuchura','951044963','Comienza aquí la carrera de tu vida.','','','',NULL,NULL,'Comienza aquí la carrera de tu vida. www.upeu.edu.pe',NULL,NULL,NULL,'Procesado',7,3),(799,'Royer Hugo, Choque Quispe','963229026','Comienza aquí la carrera de tu vida.','','','',NULL,NULL,'Comienza aquí la carrera de tu vida. www.upeu.edu.pe',NULL,NULL,NULL,'Procesado',7,3),(800,'Daniela I. Huanca Cachicatari','951475588','Comienza aquí la carrera de tu vida.','','','',NULL,NULL,'Comienza aquí la carrera de tu vida. www.upeu.edu.pe',NULL,NULL,NULL,'Procesado',7,3),(801,'Daniel Angel, Mamani Huanca','998979993','Comienza aquí la carrera de tu vida.','','','',NULL,NULL,'Comienza aquí la carrera de tu vida. www.upeu.edu.pe',NULL,NULL,NULL,'Procesado',7,3),(802,'Daniel Angel, Mamani Huanca','943123507','Comienza aquí la carrera de tu vida.','','','',NULL,NULL,'Comienza aquí la carrera de tu vida. www.upeu.edu.pe',NULL,NULL,NULL,'Procesado',7,3),(803,'Ronal Tonconi Rivera','966542840','Comienza aquí la carrera de tu vida.','','','',NULL,NULL,'Comienza aquí la carrera de tu vida. www.upeu.edu.pe',NULL,NULL,NULL,'Procesado',7,3),(804,'Haydee Blanca Cuello Acsara','940801753','Comienza aquí la carrera de tu vida.','','','',NULL,NULL,'Comienza aquí la carrera de tu vida. www.upeu.edu.pe',NULL,NULL,NULL,'Procesado',7,3),(805,'Jhosmar Ruben Huaman Turpo','950919371','Comienza aquí la carrera de tu vida.','','','',NULL,NULL,'Comienza aquí la carrera de tu vida. www.upeu.edu.pe',NULL,NULL,NULL,'Procesado',7,3),(806,'Paola Ely Apaza Calderón','950991333','Comienza aquí la carrera de tu vida.','','','',NULL,NULL,'Comienza aquí la carrera de tu vida. www.upeu.edu.pe',NULL,NULL,NULL,'Procesado',7,3),(807,'Madelein Paola, Jara Mamani','988358748','Comienza aquí la carrera de tu vida.','','','',NULL,NULL,'Comienza aquí la carrera de tu vida. www.upeu.edu.pe',NULL,NULL,NULL,'Procesado',7,3),(808,'Marco Pilco Quispe','930772338','Comienza aquí la carrera de tu vida.','','','',NULL,NULL,'Comienza aquí la carrera de tu vida. www.upeu.edu.pe',NULL,NULL,NULL,'Procesado',7,3),(809,'Nohemi Jhessica Tevez Lade','946781637','Comienza aquí la carrera de tu vida.','','','',NULL,NULL,'Comienza aquí la carrera de tu vida. www.upeu.edu.pe',NULL,NULL,NULL,'Procesado',7,3),(810,'Kliver Mamani Diaz','996448663','Comienza aquí la carrera de tu vida.','','','',NULL,NULL,'Comienza aquí la carrera de tu vida. www.upeu.edu.pe',NULL,NULL,NULL,'Procesado',7,3),(811,'Emerson Donovan, Apaza Apaza','938280837','Comienza aquí la carrera de tu vida.','','','',NULL,NULL,'Comienza aquí la carrera de tu vida. www.upeu.edu.pe',NULL,NULL,NULL,'Procesado',7,3),(812,'Elvis, Sesara Flores','972438500','Comienza aquí la carrera de tu vida.','','','',NULL,NULL,'Comienza aquí la carrera de tu vida. www.upeu.edu.pe',NULL,NULL,NULL,'Procesado',7,3),(813,'Manuel, Alanocca Ccallo','958756311','Comienza aquí la carrera de tu vida.','','','',NULL,NULL,'Comienza aquí la carrera de tu vida. www.upeu.edu.pe',NULL,NULL,NULL,'Procesado',7,3),(814,'Misael Mamani Mamani','961660244','Comienza aquí la carrera de tu vida.','','','',NULL,NULL,'Comienza aquí la carrera de tu vida. www.upeu.edu.pe',NULL,NULL,NULL,'Procesado',7,3),(815,'Mabelin Medina Quispe','993781818','Comienza aquí la carrera de tu vida.','','','',NULL,NULL,'Comienza aquí la carrera de tu vida. www.upeu.edu.pe',NULL,NULL,NULL,'Procesado',7,3),(816,'Aldair Palacio Cueva','941420969','Comienza aquí la carrera de tu vida.','','','',NULL,NULL,'Comienza aquí la carrera de tu vida. www.upeu.edu.pe',NULL,NULL,NULL,'Procesado',7,3),(817,'Alex Frank Hermoza Huallpa','962383718','Comienza aquí la carrera de tu vida.','','','',NULL,NULL,'Comienza aquí la carrera de tu vida. www.upeu.edu.pe',NULL,NULL,NULL,'Procesado',7,3),(818,'Caleb Neftalí Calsina Calsina','941967710','Comienza aquí la carrera de tu vida.','','','',NULL,NULL,'Comienza aquí la carrera de tu vida. www.upeu.edu.pe',NULL,NULL,NULL,'Procesado',7,3),(819,'Alvaro Martin Havilla Tajur','997416616','Comienza aquí la carrera de tu vida.','','','',NULL,NULL,'Comienza aquí la carrera de tu vida. www.upeu.edu.pe',NULL,NULL,NULL,'Procesado',7,3),(820,'Ruth Percca Hilario','984495280','Comienza aquí la carrera de tu vida.','','','',NULL,NULL,'Comienza aquí la carrera de tu vida. www.upeu.edu.pe',NULL,NULL,NULL,'Procesado',7,3),(821,'Alessandra Arredondo','973133982','Comienza aquí la carrera de tu vida.','','','',NULL,NULL,'Comienza aquí la carrera de tu vida. www.upeu.edu.pe',NULL,NULL,NULL,'Procesado',7,3),(822,'Brayan Condori Yuca','973211262','Comienza aquí la carrera de tu vida.','','','',NULL,NULL,'Comienza aquí la carrera de tu vida. www.upeu.edu.pe',NULL,NULL,NULL,'Procesado',7,3),(823,'Alvaro Rivas Cabrera','944322260','Comienza aquí la carrera de tu vida.','','','',NULL,NULL,'Comienza aquí la carrera de tu vida. www.upeu.edu.pe',NULL,NULL,NULL,'Procesado',7,3),(824,'Junior Quismo Castillo','974588191','Comienza aquí la carrera de tu vida.','','','',NULL,NULL,'Comienza aquí la carrera de tu vida. www.upeu.edu.pe',NULL,NULL,NULL,'Procesado',7,3),(825,'Daliana Milena Cabrera Castillo','972472851','Comienza aquí la carrera de tu vida.','','','',NULL,NULL,'Comienza aquí la carrera de tu vida. www.upeu.edu.pe',NULL,NULL,NULL,'Procesado',7,3),(826,'Edwin Leandro Deza Garnica','994700693','Comienza aquí la carrera de tu vida.','','','',NULL,NULL,'Comienza aquí la carrera de tu vida. www.upeu.edu.pe',NULL,NULL,NULL,'Procesado',7,3),(827,'Juan Diego Zavaleto Rodriguez','984308095','Comienza aquí la carrera de tu vida.','','','',NULL,NULL,'Comienza aquí la carrera de tu vida. www.upeu.edu.pe',NULL,NULL,NULL,'Procesado',7,3),(828,'Jose Daniel Lara Sánchez','942765400','Comienza aquí la carrera de tu vida.','','','',NULL,NULL,'Comienza aquí la carrera de tu vida. www.upeu.edu.pe',NULL,NULL,NULL,'Procesado',7,3),(829,'Jorip Palmaray Ordoñez','989238938','Comienza aquí la carrera de tu vida.','','','',NULL,NULL,'Comienza aquí la carrera de tu vida. www.upeu.edu.pe',NULL,NULL,NULL,'Procesado',7,3),(830,'Nacel Adriana Delgado Moscoso','941005496','Comienza aquí la carrera de tu vida.','','','',NULL,NULL,'Comienza aquí la carrera de tu vida. www.upeu.edu.pe',NULL,NULL,NULL,'Procesado',7,3),(831,'Naysha Cisneros Morales','999797460','Comienza aquí la carrera de tu vida.','','','',NULL,NULL,'Comienza aquí la carrera de tu vida. www.upeu.edu.pe',NULL,NULL,NULL,'Procesado',7,3),(832,'Juan Adolfo Castillo Ordoñez','973224462','Comienza aquí la carrera de tu vida.','','','',NULL,NULL,'Comienza aquí la carrera de tu vida. www.upeu.edu.pe',NULL,NULL,NULL,'Procesado',7,3),(833,'Mishell Jhon Huamani Lupinta','984635109','Comienza aquí la carrera de tu vida.','','','',NULL,NULL,'Comienza aquí la carrera de tu vida. www.upeu.edu.pe',NULL,NULL,NULL,'Procesado',7,3),(834,'Milena Loayza Ferro','984371404','Comienza aquí la carrera de tu vida.','','','',NULL,NULL,'Comienza aquí la carrera de tu vida. www.upeu.edu.pe',NULL,NULL,NULL,'Procesado',7,3),(835,'Katerine Sandra Tantalla','986207204','Comienza aquí la carrera de tu vida.','','','',NULL,NULL,'Comienza aquí la carrera de tu vida. www.upeu.edu.pe',NULL,NULL,NULL,'Procesado',7,3),(836,'Kris Avila Ruba','974619088','Comienza aquí la carrera de tu vida.','','','',NULL,NULL,'Comienza aquí la carrera de tu vida. www.upeu.edu.pe',NULL,NULL,NULL,'Procesado',7,3),(837,'Cristian Jair Vasquez Arana','999059449','Comienza aquí la carrera de tu vida.','','','',NULL,NULL,'Comienza aquí la carrera de tu vida. www.upeu.edu.pe',NULL,NULL,NULL,'Procesado',7,3),(838,'Federic Rubén Palacios Sipauccas','957082579','Comienza aquí la carrera de tu vida.','','','',NULL,NULL,'Comienza aquí la carrera de tu vida. www.upeu.edu.pe',NULL,NULL,NULL,'Procesado',7,3),(839,'Joseph Junior Alanoca Quispe','990358804','Comienza aquí la carrera de tu vida.','','','',NULL,NULL,'Comienza aquí la carrera de tu vida. www.upeu.edu.pe',NULL,NULL,NULL,'Procesado',7,3),(840,'Casandra Sandoval Maldonado','941298932','Comienza aquí la carrera de tu vida.','','','',NULL,NULL,'Comienza aquí la carrera de tu vida. www.upeu.edu.pe',NULL,NULL,NULL,'Procesado',7,3),(841,'Cavero Conde Fiorella','982724493','Comienza aquí la carrera de tu vida.','','','',NULL,NULL,'Comienza aquí la carrera de tu vida. www.upeu.edu.pe',NULL,NULL,NULL,'Procesado',7,3),(842,'Diego Alejandro Monzón','944033200','Comienza aquí la carrera de tu vida.','','','',NULL,NULL,'Comienza aquí la carrera de tu vida. www.upeu.edu.pe',NULL,NULL,NULL,'Procesado',7,3),(843,'Timna Yamil Rios León','942792603','Comienza aquí la carrera de tu vida.','','','',NULL,NULL,'Comienza aquí la carrera de tu vida. www.upeu.edu.pe',NULL,NULL,NULL,'Procesado',7,3),(844,'Wendy Apaza Yabar','961346517','Comienza aquí la carrera de tu vida.','','','',NULL,NULL,'Comienza aquí la carrera de tu vida. www.upeu.edu.pe',NULL,NULL,NULL,'Procesado',7,3),(845,'Luz Angelica Paguada Ruiza','978463534','Comienza aquí la carrera de tu vida.','','','',NULL,NULL,'Comienza aquí la carrera de tu vida. www.upeu.edu.pe',NULL,NULL,NULL,'Procesado',7,3),(846,'Daniel Alades Carrión Hall','984193918','Comienza aquí la carrera de tu vida.','','','',NULL,NULL,'Comienza aquí la carrera de tu vida. www.upeu.edu.pe',NULL,NULL,NULL,'Procesado',7,3),(847,'Danshi David Davacos Ccapatinta','946647905','Comienza aquí la carrera de tu vida.','','','',NULL,NULL,'Comienza aquí la carrera de tu vida. www.upeu.edu.pe',NULL,NULL,NULL,'Procesado',7,3),(848,'Jonathan Ardiles Ccosi','969838197','Comienza aquí la carrera de tu vida.','','','',NULL,NULL,'Comienza aquí la carrera de tu vida. www.upeu.edu.pe',NULL,NULL,NULL,'Procesado',7,3),(849,'Apaza Arias Yohanna Paola','983455973','Comienza aquí la carrera de tu vida.','','','',NULL,NULL,'Comienza aquí la carrera de tu vida. www.upeu.edu.pe',NULL,NULL,NULL,'Procesado',7,3),(850,'José Huaman Hayra','984223702','Comienza aquí la carrera de tu vida.','','','',NULL,NULL,'Comienza aquí la carrera de tu vida. www.upeu.edu.pe',NULL,NULL,NULL,'Procesado',7,3),(851,'Samuel Acosta Perkga','984606174','Comienza aquí la carrera de tu vida.','','','',NULL,NULL,'Comienza aquí la carrera de tu vida. www.upeu.edu.pe',NULL,NULL,NULL,'Procesado',7,3),(852,'Fabiola Chambi Mayta','985313130','Comienza aquí la carrera de tu vida.','','','',NULL,NULL,'Comienza aquí la carrera de tu vida. www.upeu.edu.pe',NULL,NULL,NULL,'Procesado',7,3),(853,'Kliver Mamani Diaz','996448663','Comienza aquí la carrera de tu vida.','','','',NULL,NULL,'Comienza aquí la carrera de tu vida. www.upeu.edu.pe',NULL,NULL,NULL,'Procesado',7,3),(854,'Emerson Donovan Apaza Apaza','938280837','Comienza aquí la carrera de tu vida.','','','',NULL,NULL,'Comienza aquí la carrera de tu vida. www.upeu.edu.pe',NULL,NULL,NULL,'Procesado',7,3),(855,'Elvis Cesaria Flores','972438500','Comienza aquí la carrera de tu vida.','','','',NULL,NULL,'Comienza aquí la carrera de tu vida. www.upeu.edu.pe',NULL,NULL,NULL,'Procesado',7,3),(856,'Manuel Alanocca Ccallo','958756311','Comienza aquí la carrera de tu vida.','','','',NULL,NULL,'Comienza aquí la carrera de tu vida. www.upeu.edu.pe',NULL,NULL,NULL,'Procesado',7,3),(857,'Milthon Corimayo','969142699','Comienza aquí la carrera de tu vida.','','','',NULL,NULL,'Comienza aquí la carrera de tu vida. www.upeu.edu.pe',NULL,NULL,NULL,'Procesado',7,3),(858,'Mijael Mamani Mamani','961660144','Comienza aquí la carrera de tu vida.','','','',NULL,NULL,'Comienza aquí la carrera de tu vida. www.upeu.edu.pe',NULL,NULL,NULL,'Procesado',7,3),(859,'Haydee Blanca Cuello Acsara','940801753','Comienza aquí la carrera de tu vida.','','','',NULL,NULL,'Comienza aquí la carrera de tu vida. www.upeu.edu.pe',NULL,NULL,NULL,'Procesado',7,3),(860,'Jhosmar Ruben Huaman Turpo','953685993','Comienza aquí la carrera de tu vida.','','','',NULL,NULL,'Comienza aquí la carrera de tu vida. www.upeu.edu.pe',NULL,NULL,NULL,'Procesado',7,3),(861,'Paola Aley Apaza Calderón','921660935','Comienza aquí la carrera de tu vida.','','','',NULL,NULL,'Comienza aquí la carrera de tu vida. www.upeu.edu.pe',NULL,NULL,NULL,'Procesado',7,3),(862,'Madelein Paola Jara Mamani','988358748','Comienza aquí la carrera de tu vida.','','','',NULL,NULL,'Comienza aquí la carrera de tu vida. www.upeu.edu.pe',NULL,NULL,NULL,'Procesado',7,3),(863,'Marco Pilco Quispe','930772338','Comienza aquí la carrera de tu vida.','','','',NULL,NULL,'Comienza aquí la carrera de tu vida. www.upeu.edu.pe',NULL,NULL,NULL,'Procesado',7,3),(864,'Nohemi Jhessica Tevez Lade','946781637','Comienza aquí la carrera de tu vida.','','','',NULL,NULL,'Comienza aquí la carrera de tu vida. www.upeu.edu.pe',NULL,NULL,NULL,'Procesado',7,3),(865,'Cristhian Reynaldo Turpo Mendoza','950782007','Comienza aquí la carrera de tu vida.','','','',NULL,NULL,'Comienza aquí la carrera de tu vida. www.upeu.edu.pe',NULL,NULL,NULL,'Procesado',7,3),(866,'Jean Toussaint Taquiri Cáceres','937707756','Comienza aquí la carrera de tu vida.','','','',NULL,NULL,'Comienza aquí la carrera de tu vida. www.upeu.edu.pe',NULL,NULL,NULL,'Procesado',7,3),(867,'Deysi Saraza Ruelas','975459765','Comienza aquí la carrera de tu vida.','','','',NULL,NULL,'Comienza aquí la carrera de tu vida. www.upeu.edu.pe',NULL,NULL,NULL,'Procesado',7,3),(868,'Yakeline Ines Pinto Suxo','943383200','Comienza aquí la carrera de tu vida.','','','',NULL,NULL,'Comienza aquí la carrera de tu vida. www.upeu.edu.pe',NULL,NULL,NULL,'Procesado',7,3),(869,'Santi Mamani Victor Raúl','998481864','Comienza aquí la carrera de tu vida.','','','',NULL,NULL,'Comienza aquí la carrera de tu vida. www.upeu.edu.pe',NULL,NULL,NULL,'Procesado',7,3),(870,'Efrain Ruben Ucharico Arratia','942907830','Comienza aquí la carrera de tu vida.','','','',NULL,NULL,'Comienza aquí la carrera de tu vida. www.upeu.edu.pe',NULL,NULL,NULL,'Procesado',7,3),(871,'Alex Victor Vasquez Acero','996698662','Comienza aquí la carrera de tu vida.','','','',NULL,NULL,'Comienza aquí la carrera de tu vida. www.upeu.edu.pe',NULL,NULL,NULL,'Procesado',7,3),(872,'Elmer Ivan Ucharico Vilca','968185182','Comienza aquí la carrera de tu vida.','','','',NULL,NULL,'Comienza aquí la carrera de tu vida. www.upeu.edu.pe',NULL,NULL,NULL,'Procesado',7,3),(873,'Rosa Gladys Villanueva Mamani','979999044','Comienza aquí la carrera de tu vida.','','','',NULL,NULL,'Comienza aquí la carrera de tu vida. www.upeu.edu.pe',NULL,NULL,NULL,'Procesado',7,3),(874,'Yonatan José Salcedo Callo','935043426','Comienza aquí la carrera de tu vida.','','','',NULL,NULL,'Comienza aquí la carrera de tu vida. www.upeu.edu.pe',NULL,NULL,NULL,'Procesado',7,3),(875,'Eddy Ivan Ucharico Arratia','942907830','Comienza aquí la carrera de tu vida.','','','',NULL,NULL,'Comienza aquí la carrera de tu vida. www.upeu.edu.pe',NULL,NULL,NULL,'Procesado',7,3),(876,'Elvis Rudy Poma Yapuchura','951044963','Comienza aquí la carrera de tu vida.','','','',NULL,NULL,'Comienza aquí la carrera de tu vida. www.upeu.edu.pe',NULL,NULL,NULL,'Procesado',7,3),(877,'Roger Hugo Choque Quispe','963229026','Comienza aquí la carrera de tu vida.','','','',NULL,NULL,'Comienza aquí la carrera de tu vida. www.upeu.edu.pe',NULL,NULL,NULL,'Procesado',7,3),(878,'Daniela Huanaca Cachicatari','951475588','Comienza aquí la carrera de tu vida.','','','',NULL,NULL,'Comienza aquí la carrera de tu vida. www.upeu.edu.pe',NULL,NULL,NULL,'Procesado',7,3),(879,'Daniel Angel Mamani Palacios','998979993','Comienza aquí la carrera de tu vida.','','','',NULL,NULL,'Comienza aquí la carrera de tu vida. www.upeu.edu.pe',NULL,NULL,NULL,'Procesado',7,3),(880,'Ronal Tonconi Rivera','966542840','Comienza aquí la carrera de tu vida.','','','',NULL,NULL,'Comienza aquí la carrera de tu vida. www.upeu.edu.pe',NULL,NULL,NULL,'Procesado',7,3),(881,'Limachi Coaquira Juan','936535770','Comienza aquí la carrera de tu vida.','','','',NULL,NULL,'Comienza aquí la carrera de tu vida. www.upeu.edu.pe',NULL,NULL,NULL,'Procesado',7,3),(882,'Paricahua Quisocala Jeaneth','951124342','Comienza aquí la carrera de tu vida.','','','',NULL,NULL,'Comienza aquí la carrera de tu vida. www.upeu.edu.pe',NULL,NULL,NULL,'Procesado',7,3),(883,'Estofanero Pampa Luis','946880377','Comienza aquí la carrera de tu vida.','','','',NULL,NULL,'Comienza aquí la carrera de tu vida. www.upeu.edu.pe',NULL,NULL,NULL,'Procesado',7,3),(884,'Gomez Apaza James','983213928','Comienza aquí la carrera de tu vida.','','','',NULL,NULL,'Comienza aquí la carrera de tu vida. www.upeu.edu.pe',NULL,NULL,NULL,'Procesado',7,3),(885,'Mamani Mamani Royer','974572233','Comienza aquí la carrera de tu vida.','','','',NULL,NULL,'Comienza aquí la carrera de tu vida. www.upeu.edu.pe',NULL,NULL,NULL,'Procesado',7,3),(886,'Quispe Turpo Heberth Saúl','983784018','Comienza aquí la carrera de tu vida.','','','',NULL,NULL,'Comienza aquí la carrera de tu vida. www.upeu.edu.pe',NULL,NULL,NULL,'Procesado',7,3),(887,'Sucasaca Calizaya José Gonzalo','960273792','Comienza aquí la carrera de tu vida.','','','',NULL,NULL,'Comienza aquí la carrera de tu vida. www.upeu.edu.pe',NULL,NULL,NULL,'Procesado',7,3),(888,'Caracela Cuela Alonso Eddy','939338090','Comienza aquí la carrera de tu vida.','','','',NULL,NULL,'Comienza aquí la carrera de tu vida. www.upeu.edu.pe',NULL,NULL,NULL,'Procesado',7,3),(889,'Pacha Zea Deisy','974722270','Comienza aquí la carrera de tu vida.','','','',NULL,NULL,'Comienza aquí la carrera de tu vida. www.upeu.edu.pe',NULL,NULL,NULL,'Procesado',7,3),(890,'Charca Benavente Jubert','998970999','Comienza aquí la carrera de tu vida.','','','',NULL,NULL,'Comienza aquí la carrera de tu vida. www.upeu.edu.pe',NULL,NULL,NULL,'Procesado',7,3),(891,'Llanque Naira Jidith Noemi','969004476','Comienza aquí la carrera de tu vida.','','','',NULL,NULL,'Comienza aquí la carrera de tu vida. www.upeu.edu.pe',NULL,NULL,NULL,'Procesado',7,3),(892,'Ticona Yucra Lenin','931777404','Comienza aquí la carrera de tu vida.','','','',NULL,NULL,'Comienza aquí la carrera de tu vida. www.upeu.edu.pe',NULL,NULL,NULL,'Procesado',7,3),(893,'Vilca Murga Marisol','950883622','Comienza aquí la carrera de tu vida.','','','',NULL,NULL,'Comienza aquí la carrera de tu vida. www.upeu.edu.pe',NULL,NULL,NULL,'Procesado',7,3),(894,'Puma Puma Rossmery Jessica','974460120','Comienza aquí la carrera de tu vida.','','','',NULL,NULL,'Comienza aquí la carrera de tu vida. www.upeu.edu.pe',NULL,NULL,NULL,'Procesado',7,3),(895,'Quispe Yana José','941291288','Comienza aquí la carrera de tu vida.','','','',NULL,NULL,'Comienza aquí la carrera de tu vida. www.upeu.edu.pe',NULL,NULL,NULL,'Procesado',7,3),(896,'Vilca Quispe Jhon Javier','974537795','Comienza aquí la carrera de tu vida.','','','',NULL,NULL,'Comienza aquí la carrera de tu vida. www.upeu.edu.pe',NULL,NULL,NULL,'Procesado',7,3),(897,'Aceituno Neira Lisbeth','972118444','Comienza aquí la carrera de tu vida.','','','',NULL,NULL,'Comienza aquí la carrera de tu vida. www.upeu.edu.pe',NULL,NULL,NULL,'Procesado',7,3),(898,'Bustincio Panca Deysy Evelyng','996407565','Comienza aquí la carrera de tu vida.','','','',NULL,NULL,'Comienza aquí la carrera de tu vida. www.upeu.edu.pe',NULL,NULL,NULL,'Procesado',7,3),(899,'Quispe Arpi Leonela','958132400','Comienza aquí la carrera de tu vida.','','','',NULL,NULL,'Comienza aquí la carrera de tu vida. www.upeu.edu.pe',NULL,NULL,NULL,'Procesado',7,3),(900,'Mamani Saico Willians','939529954','Comienza aquí la carrera de tu vida.','','','',NULL,NULL,'Comienza aquí la carrera de tu vida. www.upeu.edu.pe',NULL,NULL,NULL,'Procesado',7,3),(901,'Ortiz Tipo Limber','941249707','Comienza aquí la carrera de tu vida.','','','',NULL,NULL,'Comienza aquí la carrera de tu vida. www.upeu.edu.pe',NULL,NULL,NULL,'Procesado',7,3),(902,'Pari Huaman Luz Verónica','921660432','Comienza aquí la carrera de tu vida.','','','',NULL,NULL,'Comienza aquí la carrera de tu vida. www.upeu.edu.pe',NULL,NULL,NULL,'Procesado',7,3),(903,'Sumi Adco Ricardo','936046730','Comienza aquí la carrera de tu vida.','','','',NULL,NULL,'Comienza aquí la carrera de tu vida. www.upeu.edu.pe',NULL,NULL,NULL,'Procesado',7,3),(904,'Apaza Condori Rosmel Josue','999525292','Comienza aquí la carrera de tu vida.','','','',NULL,NULL,'Comienza aquí la carrera de tu vida. www.upeu.edu.pe',NULL,NULL,NULL,'Procesado',7,3),(905,'Flores Ingalla Eudes','983767299','Comienza aquí la carrera de tu vida.','','','',NULL,NULL,'Comienza aquí la carrera de tu vida. www.upeu.edu.pe',NULL,NULL,NULL,'Procesado',7,3),(906,'Apaza Cahui JhonatAN Paul','935953877','Comienza aquí la carrera de tu vida.','','','',NULL,NULL,'Comienza aquí la carrera de tu vida. www.upeu.edu.pe',NULL,NULL,NULL,'Procesado',7,3),(907,'Chambi Bejar Braulio','951145684','Comienza aquí la carrera de tu vida.','','','',NULL,NULL,'Comienza aquí la carrera de tu vida. www.upeu.edu.pe',NULL,NULL,NULL,'Procesado',7,3),(908,'Aguilar Condori Yulina Lizeth','953303687','Comienza aquí la carrera de tu vida.','','','',NULL,NULL,'Comienza aquí la carrera de tu vida. www.upeu.edu.pe',NULL,NULL,NULL,'Procesado',7,3),(909,'Yana Lopez Sheyla Ladydi','950331703','Comienza aquí la carrera de tu vida.','','','',NULL,NULL,'Comienza aquí la carrera de tu vida. www.upeu.edu.pe',NULL,NULL,NULL,'Procesado',7,3),(910,'Mamani Rodriguez Maria del Rosario','921335138','Comienza aquí la carrera de tu vida.','','','',NULL,NULL,'Comienza aquí la carrera de tu vida. www.upeu.edu.pe',NULL,NULL,NULL,'Procesado',7,3),(911,'Saavedra Saavedra Victor Hugo','921172770','Comienza aquí la carrera de tu vida.','','','',NULL,NULL,'Comienza aquí la carrera de tu vida. www.upeu.edu.pe',NULL,NULL,NULL,'Procesado',7,3),(912,'Ccalla Coila Marisol Ana','985646425','Comienza aquí la carrera de tu vida.','','','',NULL,NULL,'Comienza aquí la carrera de tu vida. www.upeu.edu.pe',NULL,NULL,NULL,'Procesado',7,3),(913,'Ticona Ticona Uriel','938755870','Comienza aquí la carrera de tu vida.','','','',NULL,NULL,'Comienza aquí la carrera de tu vida. www.upeu.edu.pe',NULL,NULL,NULL,'Procesado',7,3),(914,'Huacapaza Bendita Natty Roxana','930587965','Comienza aquí la carrera de tu vida.','','','',NULL,NULL,'Comienza aquí la carrera de tu vida. www.upeu.edu.pe',NULL,NULL,NULL,'Procesado',7,3),(915,'Barriales Bentura Whidmar Naim','930231387','Comienza aquí la carrera de tu vida.','','','',NULL,NULL,'Comienza aquí la carrera de tu vida. www.upeu.edu.pe',NULL,NULL,NULL,'Procesado',7,3),(916,'Chambi Chura Tatiana Shirley','944989891','Comienza aquí la carrera de tu vida.','','','',NULL,NULL,'Comienza aquí la carrera de tu vida. www.upeu.edu.pe',NULL,NULL,NULL,'Procesado',7,3),(917,'Salas Endara Renzo Ivan','951411665','Comienza aquí la carrera de tu vida.','','','',NULL,NULL,'Comienza aquí la carrera de tu vida. www.upeu.edu.pe',NULL,NULL,NULL,'Procesado',7,3),(918,'Mamani Quispe Yaneth','951958891','Comienza aquí la carrera de tu vida.','','','',NULL,NULL,'Comienza aquí la carrera de tu vida. www.upeu.edu.pe',NULL,NULL,NULL,'Procesado',7,3),(919,'Mamani Chipana Katie Sandra','971556404','Comienza aquí la carrera de tu vida.','','','',NULL,NULL,'Comienza aquí la carrera de tu vida. www.upeu.edu.pe',NULL,NULL,NULL,'Procesado',7,3),(920,'Apaza Taracayo Dianeth','941243366','Comienza aquí la carrera de tu vida.','','','',NULL,NULL,'Comienza aquí la carrera de tu vida. www.upeu.edu.pe',NULL,NULL,NULL,'Procesado',7,3),(921,'Vasquez Chambi Nery Mónica','935912536','Comienza aquí la carrera de tu vida.','','','',NULL,NULL,'Comienza aquí la carrera de tu vida. www.upeu.edu.pe',NULL,NULL,NULL,'Procesado',7,3),(922,'Mamani Mamani Sonia Rocisela','950361868','Comienza aquí la carrera de tu vida.','','','',NULL,NULL,'Comienza aquí la carrera de tu vida. www.upeu.edu.pe',NULL,NULL,NULL,'Procesado',7,3),(923,'Aleman Ojeda Esther Noemi','972442953','Comienza aquí la carrera de tu vida.','','','',NULL,NULL,'Comienza aquí la carrera de tu vida. www.upeu.edu.pe',NULL,NULL,NULL,'Procesado',7,3),(924,'Mamani Quispe Lizbeth','952474334','Comienza aquí la carrera de tu vida.','','','',NULL,NULL,'Comienza aquí la carrera de tu vida. www.upeu.edu.pe',NULL,NULL,NULL,'Procesado',7,3),(925,'Vilca Arizanca Wilson Ronaldo','984040235','Comienza aquí la carrera de tu vida.','','','',NULL,NULL,'Comienza aquí la carrera de tu vida. www.upeu.edu.pe',NULL,NULL,NULL,'Procesado',7,3),(926,'Mayta Mamani Adelin Lida','931253749','Comienza aquí la carrera de tu vida.','','','',NULL,NULL,'Comienza aquí la carrera de tu vida. www.upeu.edu.pe',NULL,NULL,NULL,'Procesado',7,3),(927,'Lancapa Mamani Rony','931291484','Comienza aquí la carrera de tu vida.','','','',NULL,NULL,'Comienza aquí la carrera de tu vida. www.upeu.edu.pe',NULL,NULL,NULL,'Procesado',7,3),(928,'Hilasaca Velasquez Yohn Antony','943195357','Comienza aquí la carrera de tu vida.','','','',NULL,NULL,'Comienza aquí la carrera de tu vida. www.upeu.edu.pe',NULL,NULL,NULL,'Procesado',7,3),(929,'Banegas Ayamamani Yolanda Milagros','953498028','Comienza aquí la carrera de tu vida.','','','',NULL,NULL,'Comienza aquí la carrera de tu vida. www.upeu.edu.pe',NULL,NULL,NULL,'Procesado',7,3),(930,'Ventura Huaman Claydi','931617655','Comienza aquí la carrera de tu vida.','','','',NULL,NULL,'Comienza aquí la carrera de tu vida. www.upeu.edu.pe',NULL,NULL,NULL,'Procesado',7,3),(931,'Ventura Huaman Claydi','931550576','Comienza aquí la carrera de tu vida.','','','',NULL,NULL,'Comienza aquí la carrera de tu vida. www.upeu.edu.pe',NULL,NULL,NULL,'Procesado',7,3),(932,'Vilca Zapana Lisbeth Jakeline','968266598','Comienza aquí la carrera de tu vida.','','','',NULL,NULL,'Comienza aquí la carrera de tu vida. www.upeu.edu.pe',NULL,NULL,NULL,'Procesado',7,3),(933,'Cari Sacachipana Alicia','968058755','Comienza aquí la carrera de tu vida.','','','',NULL,NULL,'Comienza aquí la carrera de tu vida. www.upeu.edu.pe',NULL,NULL,NULL,'Procesado',7,3),(934,'Machaca Potillo Melisa','936524077','Comienza aquí la carrera de tu vida.','','','',NULL,NULL,'Comienza aquí la carrera de tu vida. www.upeu.edu.pe',NULL,NULL,NULL,'Procesado',7,3),(935,'Sucasaca Pari Jhon Dayvis','998835202','Comienza aquí la carrera de tu vida.','','','',NULL,NULL,'Comienza aquí la carrera de tu vida. www.upeu.edu.pe',NULL,NULL,NULL,'Procesado',7,3),(936,'Capacoila Quispe Maribel','973581657','Comienza aquí la carrera de tu vida.','','','',NULL,NULL,'Comienza aquí la carrera de tu vida. www.upeu.edu.pe',NULL,NULL,NULL,'Procesado',7,3),(937,'Bellida Jacho Fridis','951064018','Comienza aquí la carrera de tu vida.','','','',NULL,NULL,'Comienza aquí la carrera de tu vida. www.upeu.edu.pe',NULL,NULL,NULL,'Procesado',7,3),(938,'Condori Quispe Alberth Michael','974461344','Comienza aquí la carrera de tu vida.','','','',NULL,NULL,'Comienza aquí la carrera de tu vida. www.upeu.edu.pe',NULL,NULL,NULL,'Procesado',7,3),(939,'Ramos Quispe Ninfa','951154981','Comienza aquí la carrera de tu vida.','','','',NULL,NULL,'Comienza aquí la carrera de tu vida. www.upeu.edu.pe',NULL,NULL,NULL,'Procesado',7,3),(940,'Tipula Checasa José Armando','946768765','Comienza aquí la carrera de tu vida.','','','',NULL,NULL,'Comienza aquí la carrera de tu vida. www.upeu.edu.pe',NULL,NULL,NULL,'Procesado',7,3),(941,'Apaza Arizanca Gabizol','984056199','Comienza aquí la carrera de tu vida.','','','',NULL,NULL,'Comienza aquí la carrera de tu vida. www.upeu.edu.pe',NULL,NULL,NULL,'Procesado',7,3),(942,'Gutierrez Ascuña Dennis Raúl','931618854','Comienza aquí la carrera de tu vida.','','','',NULL,NULL,'Comienza aquí la carrera de tu vida. www.upeu.edu.pe',NULL,NULL,NULL,'Procesado',7,3),(943,'Quispe Mamani Jhunior Jorge','970795073','Comienza aquí la carrera de tu vida.','','','',NULL,NULL,'Comienza aquí la carrera de tu vida. www.upeu.edu.pe',NULL,NULL,NULL,'Procesado',7,3),(944,'Quispe Mamani Jhunior Jorge','973671789','Comienza aquí la carrera de tu vida.','','','',NULL,NULL,'Comienza aquí la carrera de tu vida. www.upeu.edu.pe',NULL,NULL,NULL,'Procesado',7,3),(945,'Ramos Miranda Werner','940895549','Comienza aquí la carrera de tu vida.','','','',NULL,NULL,'Comienza aquí la carrera de tu vida. www.upeu.edu.pe',NULL,NULL,NULL,'Procesado',7,3),(946,'Ccari Condon Jhon Kevin','994702440','Comienza aquí la carrera de tu vida.','','','',NULL,NULL,'Comienza aquí la carrera de tu vida. www.upeu.edu.pe',NULL,NULL,NULL,'Procesado',7,3),(947,'Mednoza Quispe Mirian','985747897','Comienza aquí la carrera de tu vida.','','','',NULL,NULL,'Comienza aquí la carrera de tu vida. www.upeu.edu.pe',NULL,NULL,NULL,'Procesado',7,3),(948,'Aviles Condori Yuly Vanessa','943822962','Comienza aquí la carrera de tu vida.','','','',NULL,NULL,'Comienza aquí la carrera de tu vida. www.upeu.edu.pe',NULL,NULL,NULL,'Procesado',7,3),(949,'Arizaca Barrante Ruth Noemí','938466937','Comienza aquí la carrera de tu vida.','','','',NULL,NULL,'Comienza aquí la carrera de tu vida. www.upeu.edu.pe',NULL,NULL,NULL,'Procesado',7,3),(950,'Chura Ortiz Joseph Rayner','968454626','Comienza aquí la carrera de tu vida.','','','',NULL,NULL,'Comienza aquí la carrera de tu vida. www.upeu.edu.pe',NULL,NULL,NULL,'Procesado',7,3),(951,'Ali Alanoca Abelardo','930526730','Comienza aquí la carrera de tu vida.','','','',NULL,NULL,'Comienza aquí la carrera de tu vida. www.upeu.edu.pe',NULL,NULL,NULL,'Procesado',7,3),(952,'Atayupanqui Atayupanqui Santos','984061683','Comienza aquí la carrera de tu vida.','','','',NULL,NULL,'Comienza aquí la carrera de tu vida. www.upeu.edu.pe',NULL,NULL,NULL,'Procesado',7,3),(953,'Maldonado Larico Mariluz','974572432','Comienza aquí la carrera de tu vida.','','','',NULL,NULL,'Comienza aquí la carrera de tu vida. www.upeu.edu.pe',NULL,NULL,NULL,'Procesado',7,3),(954,'Tacuri Hualla Yaneth','974391714','Comienza aquí la carrera de tu vida.','','','',NULL,NULL,'Comienza aquí la carrera de tu vida. www.upeu.edu.pe',NULL,NULL,NULL,'Procesado',7,3),(955,'Condori Mamani Yessica paola','983198005','Comienza aquí la carrera de tu vida.','','','',NULL,NULL,'Comienza aquí la carrera de tu vida. www.upeu.edu.pe',NULL,NULL,NULL,'Procesado',7,3),(956,'Ccori Chambi Raúl Rodrigo','950388932','Comienza aquí la carrera de tu vida.','','','',NULL,NULL,'Comienza aquí la carrera de tu vida. www.upeu.edu.pe',NULL,NULL,NULL,'Procesado',7,3),(957,'Phocco Canaza Anali Maritza','979463801','Comienza aquí la carrera de tu vida.','','','',NULL,NULL,'Comienza aquí la carrera de tu vida. www.upeu.edu.pe',NULL,NULL,NULL,'Procesado',7,3),(958,'Oblitas Sacaco Celestino','952777065','Comienza aquí la carrera de tu vida.','','','',NULL,NULL,'Comienza aquí la carrera de tu vida. www.upeu.edu.pe',NULL,NULL,NULL,'Procesado',7,3),(959,'Mamani Huacollo René','955717976','Comienza aquí la carrera de tu vida.','','','',NULL,NULL,'Comienza aquí la carrera de tu vida. www.upeu.edu.pe',NULL,NULL,NULL,'Procesado',7,3),(960,'Molleapaza Huanco Clever','974795982','Comienza aquí la carrera de tu vida.','','','',NULL,NULL,'Comienza aquí la carrera de tu vida. www.upeu.edu.pe',NULL,NULL,NULL,'Procesado',7,3),(961,'Puma Adco Janeth Ximena','951845000','Comienza aquí la carrera de tu vida.','','','',NULL,NULL,'Comienza aquí la carrera de tu vida. www.upeu.edu.pe',NULL,NULL,NULL,'Procesado',7,3),(962,'Quispe Esacalante Joel Alexis','985362970','Comienza aquí la carrera de tu vida.','','','',NULL,NULL,'Comienza aquí la carrera de tu vida. www.upeu.edu.pe',NULL,NULL,NULL,'Procesado',7,3),(963,'Ambrasio Castro Jaime','973176405','Comienza aquí la carrera de tu vida.','','','',NULL,NULL,'Comienza aquí la carrera de tu vida. www.upeu.edu.pe',NULL,NULL,NULL,'Procesado',7,3),(964,'Mamani Deza Maycol','946636890','Comienza aquí la carrera de tu vida.','','','',NULL,NULL,'Comienza aquí la carrera de tu vida. www.upeu.edu.pe',NULL,NULL,NULL,'Procesado',7,3),(965,'Torres Condori Percy Clemente','946678107','Comienza aquí la carrera de tu vida.','','','',NULL,NULL,'Comienza aquí la carrera de tu vida. www.upeu.edu.pe',NULL,NULL,NULL,'Procesado',7,3),(966,'Santander Pacha Odrilet','944152668','Comienza aquí la carrera de tu vida.','','','',NULL,NULL,'Comienza aquí la carrera de tu vida. www.upeu.edu.pe',NULL,NULL,NULL,'Procesado',7,3),(967,'Lerma Apaza Anthony','973641465','Comienza aquí la carrera de tu vida.','','','',NULL,NULL,'Comienza aquí la carrera de tu vida. www.upeu.edu.pe',NULL,NULL,NULL,'Procesado',7,3),(968,'Adco Mamani Karen Maritza','951620049','Comienza aquí la carrera de tu vida.','','','',NULL,NULL,'Comienza aquí la carrera de tu vida. www.upeu.edu.pe',NULL,NULL,NULL,'Procesado',7,3),(969,'Condori Elvis Rivaldo','971052215','Comienza aquí la carrera de tu vida.','','','',NULL,NULL,'Comienza aquí la carrera de tu vida. www.upeu.edu.pe',NULL,NULL,NULL,'Procesado',7,3),(970,'Rojas Rojas Ronaldo Percy','990579581','Comienza aquí la carrera de tu vida.','','','',NULL,NULL,'Comienza aquí la carrera de tu vida. www.upeu.edu.pe',NULL,NULL,NULL,'Procesado',7,3),(971,'Huaman Valeriano Pedro Luis','921332074','Comienza aquí la carrera de tu vida.','','','',NULL,NULL,'Comienza aquí la carrera de tu vida. www.upeu.edu.pe',NULL,NULL,NULL,'Procesado',7,3),(972,'Callata Coanqui Erik Wilmar','951308041','Comienza aquí la carrera de tu vida.','','','',NULL,NULL,'Comienza aquí la carrera de tu vida. www.upeu.edu.pe',NULL,NULL,NULL,'Procesado',7,3),(973,'Ccallo Lopez Wilmer','954898299','Comienza aquí la carrera de tu vida.','','','',NULL,NULL,'Comienza aquí la carrera de tu vida. www.upeu.edu.pe',NULL,NULL,NULL,'Procesado',7,3),(974,'Mamani Catunta Wilson','950391333','Comienza aquí la carrera de tu vida.','','','',NULL,NULL,'Comienza aquí la carrera de tu vida. www.upeu.edu.pe',NULL,NULL,NULL,'Procesado',7,3),(975,'Quispe Arias Ramiro','935527341','Comienza aquí la carrera de tu vida.','','','',NULL,NULL,'Comienza aquí la carrera de tu vida. www.upeu.edu.pe',NULL,NULL,NULL,'Procesado',7,3),(976,'Cahuina Parqui Rocio','995939312','Comienza aquí la carrera de tu vida.','','','',NULL,NULL,'Comienza aquí la carrera de tu vida. www.upeu.edu.pe',NULL,NULL,NULL,'Procesado',7,3),(977,'Yucra Sucapuca Newton Vladimir','921984052','Comienza aquí la carrera de tu vida.','','','',NULL,NULL,'Comienza aquí la carrera de tu vida. www.upeu.edu.pe',NULL,NULL,NULL,'Procesado',7,3),(978,'Laura Quispe Justo','942633615','Comienza aquí la carrera de tu vida.','','','',NULL,NULL,'Comienza aquí la carrera de tu vida. www.upeu.edu.pe',NULL,NULL,NULL,'Procesado',7,3),(979,'Tapia Luque Smith','973133298','Comienza aquí la carrera de tu vida.','','','',NULL,NULL,'Comienza aquí la carrera de tu vida. www.upeu.edu.pe',NULL,NULL,NULL,'Procesado',7,3),(980,'Quispe Rengel Armando','966661623','Comienza aquí la carrera de tu vida.','','','',NULL,NULL,'Comienza aquí la carrera de tu vida. www.upeu.edu.pe',NULL,NULL,NULL,'Procesado',7,3),(981,'Mercado Pacma Elvis Sadan','971418465','Comienza aquí la carrera de tu vida.','','','',NULL,NULL,'Comienza aquí la carrera de tu vida. www.upeu.edu.pe',NULL,NULL,NULL,'Procesado',7,3),(982,'Mamani Quelca Edilson','958119655','Comienza aquí la carrera de tu vida.','','','',NULL,NULL,'Comienza aquí la carrera de tu vida. www.upeu.edu.pe',NULL,NULL,NULL,'Procesado',7,3),(983,'Tito Paredes Rosmery','939535096','Comienza aquí la carrera de tu vida.','','','',NULL,NULL,'Comienza aquí la carrera de tu vida. www.upeu.edu.pe',NULL,NULL,NULL,'Procesado',7,3),(984,'Barrantes Limahuaya Brigida Verónica','950041550','Comienza aquí la carrera de tu vida.','','','',NULL,NULL,'Comienza aquí la carrera de tu vida. www.upeu.edu.pe',NULL,NULL,NULL,'Procesado',7,3),(985,'Aquise Aquise Ruth','969092835','Comienza aquí la carrera de tu vida.','','','',NULL,NULL,'Comienza aquí la carrera de tu vida. www.upeu.edu.pe',NULL,NULL,NULL,'Procesado',7,3),(986,'Mamani Molleapaza Diego Armando','975418880','Comienza aquí la carrera de tu vida.','','','',NULL,NULL,'Comienza aquí la carrera de tu vida. www.upeu.edu.pe',NULL,NULL,NULL,'Procesado',7,3),(987,'Quispe Apaza Carmen','957709901','Comienza aquí la carrera de tu vida.','','','',NULL,NULL,'Comienza aquí la carrera de tu vida. www.upeu.edu.pe',NULL,NULL,NULL,'Procesado',7,3),(988,'Quispe Apaza Carmen','976688984','Comienza aquí la carrera de tu vida.','','','',NULL,NULL,'Comienza aquí la carrera de tu vida. www.upeu.edu.pe',NULL,NULL,NULL,'Procesado',7,3),(989,'Churata Chuquipalla Yoselyn Karen','957708719','Comienza aquí la carrera de tu vida.','','','',NULL,NULL,'Comienza aquí la carrera de tu vida. www.upeu.edu.pe',NULL,NULL,NULL,'Procesado',7,3),(990,'Checa Apaza lizbeth','951511983','Comienza aquí la carrera de tu vida.','','','',NULL,NULL,'Comienza aquí la carrera de tu vida. www.upeu.edu.pe',NULL,NULL,NULL,'Procesado',7,3),(991,'Tapara Rivera Henrri','978643481','Comienza aquí la carrera de tu vida.','','','',NULL,NULL,'Comienza aquí la carrera de tu vida. www.upeu.edu.pe',NULL,NULL,NULL,'Procesado',7,3),(992,'Luque Luque Victor','974716992','Comienza aquí la carrera de tu vida.','','','',NULL,NULL,'Comienza aquí la carrera de tu vida. www.upeu.edu.pe',NULL,NULL,NULL,'Procesado',7,3),(993,'Yucra Yucra Emerson','951508240','Comienza aquí la carrera de tu vida.','','','',NULL,NULL,'Comienza aquí la carrera de tu vida. www.upeu.edu.pe',NULL,NULL,NULL,'Procesado',7,3),(994,'Rodriguez Lima Beatriz','995516069','Comienza aquí la carrera de tu vida.','','','',NULL,NULL,'Comienza aquí la carrera de tu vida. www.upeu.edu.pe',NULL,NULL,NULL,'Procesado',7,3),(995,'Quispe Layme Zenovia','930526768','Comienza aquí la carrera de tu vida.','','','',NULL,NULL,'Comienza aquí la carrera de tu vida. www.upeu.edu.pe',NULL,NULL,NULL,'Procesado',7,3),(996,'Rodriguez Robles Mireya','951021127','Comienza aquí la carrera de tu vida.','','','',NULL,NULL,'Comienza aquí la carrera de tu vida. www.upeu.edu.pe',NULL,NULL,NULL,'Procesado',7,3),(997,'Luque Quispe Tony Saúl','974311486','Comienza aquí la carrera de tu vida.','','','',NULL,NULL,'Comienza aquí la carrera de tu vida. www.upeu.edu.pe',NULL,NULL,NULL,'Procesado',7,3),(998,'Hilari Machaca Ronald','973616600','Comienza aquí la carrera de tu vida.','','','',NULL,NULL,'Comienza aquí la carrera de tu vida. www.upeu.edu.pe',NULL,NULL,NULL,'Procesado',7,3),(999,'Chimchereoma Acrota Ruben Angel','921332598','Comienza aquí la carrera de tu vida.','','','',NULL,NULL,'Comienza aquí la carrera de tu vida. www.upeu.edu.pe',NULL,NULL,NULL,'Procesado',7,3),(1000,'Cayo Vega Aron Ronald','950814719','Comienza aquí la carrera de tu vida.','','','',NULL,NULL,'Comienza aquí la carrera de tu vida. www.upeu.edu.pe',NULL,NULL,NULL,'Procesado',7,3),(1001,'Carrion Yujra Paul','946632336','Comienza aquí la carrera de tu vida.','','','',NULL,NULL,'Comienza aquí la carrera de tu vida. www.upeu.edu.pe',NULL,NULL,NULL,'Procesado',7,3),(1002,'Ccama Pacha Eva Luz','944525712','Comienza aquí la carrera de tu vida.','','','',NULL,NULL,'Comienza aquí la carrera de tu vida. www.upeu.edu.pe',NULL,NULL,NULL,'Procesado',7,3),(1003,'Quispe Quispe Yaneth','940805101','Comienza aquí la carrera de tu vida.','','','',NULL,NULL,'Comienza aquí la carrera de tu vida. www.upeu.edu.pe',NULL,NULL,NULL,'Procesado',7,3),(1004,'Cardenas Vilca Estefano','949898154','Comienza aquí la carrera de tu vida.','','','',NULL,NULL,'Comienza aquí la carrera de tu vida. www.upeu.edu.pe',NULL,NULL,NULL,'Procesado',7,3),(1005,'Vasquez Chambi Yordy','948458894','Comienza aquí la carrera de tu vida.','','','',NULL,NULL,'Comienza aquí la carrera de tu vida. www.upeu.edu.pe',NULL,NULL,NULL,'Procesado',7,3),(1006,'Pinto Perez Sebastian','934221414','Comienza aquí la carrera de tu vida.','','','',NULL,NULL,'Comienza aquí la carrera de tu vida. www.upeu.edu.pe',NULL,NULL,NULL,'Procesado',7,3),(1007,'Mamani leque Ronal Yonatan','957022906','Comienza aquí la carrera de tu vida.','','','',NULL,NULL,'Comienza aquí la carrera de tu vida. www.upeu.edu.pe',NULL,NULL,NULL,'Procesado',7,3),(1008,'Nadal Vilca Mayrovi','951810045','Comienza aquí la carrera de tu vida.','','','',NULL,NULL,'Comienza aquí la carrera de tu vida. www.upeu.edu.pe',NULL,NULL,NULL,'Procesado',7,3),(1009,'Huanco Alvarez Alex Alipio','921287348','Comienza aquí la carrera de tu vida.','','','',NULL,NULL,'Comienza aquí la carrera de tu vida. www.upeu.edu.pe',NULL,NULL,NULL,'Procesado',7,3),(1010,'Luque Flores Luz Lizbeth','955630542','Comienza aquí la carrera de tu vida.','','','',NULL,NULL,'Comienza aquí la carrera de tu vida. www.upeu.edu.pe',NULL,NULL,NULL,'Procesado',7,3),(1011,'Justus Quispe Yamilet Rocio','950751565','Comienza aquí la carrera de tu vida.','','','',NULL,NULL,'Comienza aquí la carrera de tu vida. www.upeu.edu.pe',NULL,NULL,NULL,'Procesado',7,3),(1012,'Coaquira Pineda Yuliño Oliver','956122668','Comienza aquí la carrera de tu vida.','','','',NULL,NULL,'Comienza aquí la carrera de tu vida. www.upeu.edu.pe',NULL,NULL,NULL,'Procesado',7,3),(1013,'Larico Casas Denis Guido','940865467','Comienza aquí la carrera de tu vida.','','','',NULL,NULL,'Comienza aquí la carrera de tu vida. www.upeu.edu.pe',NULL,NULL,NULL,'Procesado',7,3),(1014,'Leonardo Mamani Yeni','938847427','Comienza aquí la carrera de tu vida.','','','',NULL,NULL,'Comienza aquí la carrera de tu vida. www.upeu.edu.pe',NULL,NULL,NULL,'Procesado',7,3),(1015,'Santi Colque','952497831','Comienza aquí la carrera de tu vida.','','','',NULL,NULL,'Comienza aquí la carrera de tu vida. www.upeu.edu.pe',NULL,NULL,NULL,'Procesado',7,3),(1016,'Payehuanca Parizaca Karen Yanesy','951951194','Comienza aquí la carrera de tu vida.','','','',NULL,NULL,'Comienza aquí la carrera de tu vida. www.upeu.edu.pe',NULL,NULL,NULL,'Procesado',7,3),(1017,'Payehuanca Parizaca Karen Yanesy','970900938','Comienza aquí la carrera de tu vida.','','','',NULL,NULL,'Comienza aquí la carrera de tu vida. www.upeu.edu.pe',NULL,NULL,NULL,'Procesado',7,3),(1018,'Soncco Quispe Edison Leonel','948407709','Comienza aquí la carrera de tu vida.','','','',NULL,NULL,'Comienza aquí la carrera de tu vida. www.upeu.edu.pe',NULL,NULL,NULL,'Procesado',7,3),(1019,'Condori Turpo Ruben','988191520','Comienza aquí la carrera de tu vida.','','','',NULL,NULL,'Comienza aquí la carrera de tu vida. www.upeu.edu.pe',NULL,NULL,NULL,'Procesado',7,3),(1020,'Lluhicho Carcahusto Jhon Kevin','988196305','Comienza aquí la carrera de tu vida.','','','',NULL,NULL,'Comienza aquí la carrera de tu vida. www.upeu.edu.pe',NULL,NULL,NULL,'Procesado',7,3),(1021,'Machaca Pinto Pedro Martin','951655662','Comienza aquí la carrera de tu vida.','','','',NULL,NULL,'Comienza aquí la carrera de tu vida. www.upeu.edu.pe',NULL,NULL,NULL,'Procesado',7,3),(1022,'Calsin Sanchez Henry Amado','996000874','Comienza aquí la carrera de tu vida.','','','',NULL,NULL,'Comienza aquí la carrera de tu vida. www.upeu.edu.pe',NULL,NULL,NULL,'Procesado',7,3),(1023,'Villa Cuno Elver','940673390','Comienza aquí la carrera de tu vida.','','','',NULL,NULL,'Comienza aquí la carrera de tu vida. www.upeu.edu.pe',NULL,NULL,NULL,'Procesado',7,3),(1024,'Churana Mamani Franklin','989624822','Comienza aquí la carrera de tu vida.','','','',NULL,NULL,'Comienza aquí la carrera de tu vida. www.upeu.edu.pe',NULL,NULL,NULL,'Procesado',7,3),(1025,'Medrano Mamani Yhon Cristian','950007770','Comienza aquí la carrera de tu vida.','','','',NULL,NULL,'Comienza aquí la carrera de tu vida. www.upeu.edu.pe',NULL,NULL,NULL,'Procesado',7,3),(1026,'Mamani Apaza Fredy','974360508','Comienza aquí la carrera de tu vida.','','','',NULL,NULL,'Comienza aquí la carrera de tu vida. www.upeu.edu.pe',NULL,NULL,NULL,'Procesado',7,3),(1027,'Mamani Larico Bill Deyson','937046383','Comienza aquí la carrera de tu vida.','','','',NULL,NULL,'Comienza aquí la carrera de tu vida. www.upeu.edu.pe',NULL,NULL,NULL,'Procesado',7,3),(1028,'Quispe Mayhua Tiffani Jhayde','935492568','Comienza aquí la carrera de tu vida.','','','',NULL,NULL,'Comienza aquí la carrera de tu vida. www.upeu.edu.pe',NULL,NULL,NULL,'Procesado',7,3),(1029,'Chuquimamani Quispe Ruth Noemi','933771999','Comienza aquí la carrera de tu vida.','','','',NULL,NULL,'Comienza aquí la carrera de tu vida. www.upeu.edu.pe',NULL,NULL,NULL,'Procesado',7,3),(1030,'Tapara Cotacallapa Evelin Estefanie','991957825','Comienza aquí la carrera de tu vida.','','','',NULL,NULL,'Comienza aquí la carrera de tu vida. www.upeu.edu.pe',NULL,NULL,NULL,'Procesado',7,3),(1031,'Mamani Peralta Ever','968109977','Comienza aquí la carrera de tu vida.','','','',NULL,NULL,'Comienza aquí la carrera de tu vida. www.upeu.edu.pe',NULL,NULL,NULL,'Procesado',7,3),(1032,'Mamani Peralta Ever','998579501','Comienza aquí la carrera de tu vida.','','','',NULL,NULL,'Comienza aquí la carrera de tu vida. www.upeu.edu.pe',NULL,NULL,NULL,'Procesado',7,3),(1033,'Mullisaca Mullisaca Ronal','944064147','Comienza aquí la carrera de tu vida.','','','',NULL,NULL,'Comienza aquí la carrera de tu vida. www.upeu.edu.pe',NULL,NULL,NULL,'Procesado',7,3),(1034,'Ing. Pedro Layme','951751595','','','','',NULL,NULL,'Se envio a 248 Números de mi celular con el mensaje \"Comienza aquí la carrera de tu vida. www.upeu.edu.pe\"',NULL,'2016-09-13 12:06:57',NULL,'Procesado',7,3),(1035,'Cristhian Reynaldo, Turpo Mendoza','989609144','Comienza aquí la carrera de tu vida.','','','',NULL,NULL,'Comienza aquí la carrera de tu vida. www.upeu.edu.pe',NULL,NULL,NULL,'Espera',7,3),(1036,'Jean Toussaint, Taquiri Cáceres','937707756','Comienza aquí la carrera de tu vida.','','','',NULL,NULL,'Comienza aquí la carrera de tu vida. www.upeu.edu.pe',NULL,NULL,NULL,'Espera',7,3),(1037,'Deysi L. Saraza Ruelas','975459765','Comienza aquí la carrera de tu vida.','','','',NULL,NULL,'Comienza aquí la carrera de tu vida. www.upeu.edu.pe',NULL,NULL,NULL,'Espera',7,3),(1038,'Yakeline Ines, Pinto Suxo','943383200','Comienza aquí la carrera de tu vida.','','','',NULL,NULL,'Comienza aquí la carrera de tu vida. www.upeu.edu.pe',NULL,NULL,NULL,'Espera',7,3),(1039,'Victor Raúl, Santi Mamani','998481864','Comienza aquí la carrera de tu vida.','','','',NULL,NULL,'Comienza aquí la carrera de tu vida. www.upeu.edu.pe',NULL,NULL,NULL,'Espera',7,3),(1040,'Jackeline Rosario Juarez Suero','951748930','Comienza aquí la carrera de tu vida.','','','',NULL,NULL,'Comienza aquí la carrera de tu vida. www.upeu.edu.pe',NULL,NULL,NULL,'Espera',7,3),(1041,'Efrain Ruben, Ucharico Arratia','942907830','Comienza aquí la carrera de tu vida.','','','',NULL,NULL,'Comienza aquí la carrera de tu vida. www.upeu.edu.pe',NULL,NULL,NULL,'Espera',7,3),(1042,'Alex Victor, Vasquez Acero','996698662','Comienza aquí la carrera de tu vida.','','','',NULL,NULL,'Comienza aquí la carrera de tu vida. www.upeu.edu.pe',NULL,NULL,NULL,'Espera',7,3),(1043,'Elmer Ivan, Ucharico Vilca','968185182','Comienza aquí la carrera de tu vida.','','','',NULL,NULL,'Comienza aquí la carrera de tu vida. www.upeu.edu.pe',NULL,NULL,NULL,'Espera',7,3),(1044,'Rosa Gladys Villanueva Mamani','979999044','Comienza aquí la carrera de tu vida.','','','',NULL,NULL,'Comienza aquí la carrera de tu vida. www.upeu.edu.pe',NULL,NULL,NULL,'Espera',7,3),(1045,'Jonatan José Salcedo Callo','935043426','Comienza aquí la carrera de tu vida.','','','',NULL,NULL,'Comienza aquí la carrera de tu vida. www.upeu.edu.pe',NULL,NULL,NULL,'Espera',7,3),(1046,'Eddy Ivan, Ucharico Arratia','942907830','Comienza aquí la carrera de tu vida.','','','',NULL,NULL,'Comienza aquí la carrera de tu vida. www.upeu.edu.pe',NULL,NULL,NULL,'Espera',7,3),(1047,'Elvis Rudy, Poma Yapuchura','951044963','Comienza aquí la carrera de tu vida.','','','',NULL,NULL,'Comienza aquí la carrera de tu vida. www.upeu.edu.pe',NULL,NULL,NULL,'Espera',7,3),(1048,'Royer Hugo, Choque Quispe','963229026','Comienza aquí la carrera de tu vida.','','','',NULL,NULL,'Comienza aquí la carrera de tu vida. www.upeu.edu.pe',NULL,NULL,NULL,'Espera',7,3),(1049,'Daniela I. Huanca Cachicatari','951475588','Comienza aquí la carrera de tu vida.','','','',NULL,NULL,'Comienza aquí la carrera de tu vida. www.upeu.edu.pe',NULL,NULL,NULL,'Espera',7,3),(1050,'Daniel Angel, Mamani Huanca','998979993','Comienza aquí la carrera de tu vida.','','','',NULL,NULL,'Comienza aquí la carrera de tu vida. www.upeu.edu.pe',NULL,NULL,NULL,'Espera',7,3),(1051,'Daniel Angel, Mamani Huanca','943123507','Comienza aquí la carrera de tu vida.','','','',NULL,NULL,'Comienza aquí la carrera de tu vida. www.upeu.edu.pe',NULL,NULL,NULL,'Espera',7,3),(1052,'Ronal Tonconi Rivera','966542840','Comienza aquí la carrera de tu vida.','','','',NULL,NULL,'Comienza aquí la carrera de tu vida. www.upeu.edu.pe',NULL,NULL,NULL,'Espera',7,3),(1053,'Haydee Blanca Cuello Acsara','940801753','Comienza aquí la carrera de tu vida.','','','',NULL,NULL,'Comienza aquí la carrera de tu vida. www.upeu.edu.pe',NULL,NULL,NULL,'Espera',7,3),(1054,'Jhosmar Ruben Huaman Turpo','950919371','Comienza aquí la carrera de tu vida.','','','',NULL,NULL,'Comienza aquí la carrera de tu vida. www.upeu.edu.pe',NULL,NULL,NULL,'Espera',7,3),(1055,'Paola Ely Apaza Calderón','950991333','Comienza aquí la carrera de tu vida.','','','',NULL,NULL,'Comienza aquí la carrera de tu vida. www.upeu.edu.pe',NULL,NULL,NULL,'Espera',7,3),(1056,'Madelein Paola, Jara Mamani','988358748','Comienza aquí la carrera de tu vida.','','','',NULL,NULL,'Comienza aquí la carrera de tu vida. www.upeu.edu.pe',NULL,NULL,NULL,'Espera',7,3),(1057,'Marco Pilco Quispe','930772338','Comienza aquí la carrera de tu vida.','','','',NULL,NULL,'Comienza aquí la carrera de tu vida. www.upeu.edu.pe',NULL,NULL,NULL,'Espera',7,3),(1058,'Nohemi Jhessica Tevez Lade','946781637','Comienza aquí la carrera de tu vida.','','','',NULL,NULL,'Comienza aquí la carrera de tu vida. www.upeu.edu.pe',NULL,NULL,NULL,'Espera',7,3),(1059,'Kliver Mamani Diaz','996448663','Comienza aquí la carrera de tu vida.','','','',NULL,NULL,'Comienza aquí la carrera de tu vida. www.upeu.edu.pe',NULL,NULL,NULL,'Espera',7,3),(1060,'Emerson Donovan, Apaza Apaza','938280837','Comienza aquí la carrera de tu vida.','','','',NULL,NULL,'Comienza aquí la carrera de tu vida. www.upeu.edu.pe',NULL,NULL,NULL,'Espera',7,3),(1061,'Elvis, Sesara Flores','972438500','Comienza aquí la carrera de tu vida.','','','',NULL,NULL,'Comienza aquí la carrera de tu vida. www.upeu.edu.pe',NULL,NULL,NULL,'Espera',7,3),(1062,'Manuel, Alanocca Ccallo','958756311','Comienza aquí la carrera de tu vida.','','','',NULL,NULL,'Comienza aquí la carrera de tu vida. www.upeu.edu.pe',NULL,NULL,NULL,'Espera',7,3),(1063,'Misael Mamani Mamani','961660244','Comienza aquí la carrera de tu vida.','','','',NULL,NULL,'Comienza aquí la carrera de tu vida. www.upeu.edu.pe',NULL,NULL,NULL,'Espera',7,3),(1064,'Mabelin Medina Quispe','993781818','Comienza aquí la carrera de tu vida.','','','',NULL,NULL,'Comienza aquí la carrera de tu vida. www.upeu.edu.pe',NULL,NULL,NULL,'Espera',7,3),(1065,'Aldair Palacio Cueva','941420969','Comienza aquí la carrera de tu vida.','','','',NULL,NULL,'Comienza aquí la carrera de tu vida. www.upeu.edu.pe',NULL,NULL,NULL,'Espera',7,3),(1066,'Alex Frank Hermoza Huallpa','962383718','Comienza aquí la carrera de tu vida.','','','',NULL,NULL,'Comienza aquí la carrera de tu vida. www.upeu.edu.pe',NULL,NULL,NULL,'Espera',7,3),(1067,'Caleb Neftalí Calsina Calsina','941967710','Comienza aquí la carrera de tu vida.','','','',NULL,NULL,'Comienza aquí la carrera de tu vida. www.upeu.edu.pe',NULL,NULL,NULL,'Espera',7,3),(1068,'Alvaro Martin Havilla Tajur','997416616','Comienza aquí la carrera de tu vida.','','','',NULL,NULL,'Comienza aquí la carrera de tu vida. www.upeu.edu.pe',NULL,NULL,NULL,'Espera',7,3),(1069,'Ruth Percca Hilario','984495280','Comienza aquí la carrera de tu vida.','','','',NULL,NULL,'Comienza aquí la carrera de tu vida. www.upeu.edu.pe',NULL,NULL,NULL,'Espera',7,3),(1070,'Alessandra Arredondo','973133982','Comienza aquí la carrera de tu vida.','','','',NULL,NULL,'Comienza aquí la carrera de tu vida. www.upeu.edu.pe',NULL,NULL,NULL,'Espera',7,3),(1071,'Brayan Condori Yuca','973211262','Comienza aquí la carrera de tu vida.','','','',NULL,NULL,'Comienza aquí la carrera de tu vida. www.upeu.edu.pe',NULL,NULL,NULL,'Espera',7,3),(1072,'Alvaro Rivas Cabrera','944322260','Comienza aquí la carrera de tu vida.','','','',NULL,NULL,'Comienza aquí la carrera de tu vida. www.upeu.edu.pe',NULL,NULL,NULL,'Espera',7,3),(1073,'Junior Quismo Castillo','974588191','Comienza aquí la carrera de tu vida.','','','',NULL,NULL,'Comienza aquí la carrera de tu vida. www.upeu.edu.pe',NULL,NULL,NULL,'Espera',7,3),(1074,'Daliana Milena Cabrera Castillo','972472851','Comienza aquí la carrera de tu vida.','','','',NULL,NULL,'Comienza aquí la carrera de tu vida. www.upeu.edu.pe',NULL,NULL,NULL,'Espera',7,3),(1075,'Edwin Leandro Deza Garnica','994700693','Comienza aquí la carrera de tu vida.','','','',NULL,NULL,'Comienza aquí la carrera de tu vida. www.upeu.edu.pe',NULL,NULL,NULL,'Espera',7,3),(1076,'Juan Diego Zavaleto Rodriguez','984308095','Comienza aquí la carrera de tu vida.','','','',NULL,NULL,'Comienza aquí la carrera de tu vida. www.upeu.edu.pe',NULL,NULL,NULL,'Espera',7,3),(1077,'Jose Daniel Lara Sánchez','942765400','Comienza aquí la carrera de tu vida.','','','',NULL,NULL,'Comienza aquí la carrera de tu vida. www.upeu.edu.pe',NULL,NULL,NULL,'Espera',7,3),(1078,'Jorip Palmaray Ordoñez','989238938','Comienza aquí la carrera de tu vida.','','','',NULL,NULL,'Comienza aquí la carrera de tu vida. www.upeu.edu.pe',NULL,NULL,NULL,'Espera',7,3),(1079,'Nacel Adriana Delgado Moscoso','941005496','Comienza aquí la carrera de tu vida.','','','',NULL,NULL,'Comienza aquí la carrera de tu vida. www.upeu.edu.pe',NULL,NULL,NULL,'Espera',7,3),(1080,'Naysha Cisneros Morales','999797460','Comienza aquí la carrera de tu vida.','','','',NULL,NULL,'Comienza aquí la carrera de tu vida. www.upeu.edu.pe',NULL,NULL,NULL,'Espera',7,3),(1081,'Juan Adolfo Castillo Ordoñez','973224462','Comienza aquí la carrera de tu vida.','','','',NULL,NULL,'Comienza aquí la carrera de tu vida. www.upeu.edu.pe',NULL,NULL,NULL,'Espera',7,3),(1082,'Mishell Jhon Huamani Lupinta','984635109','Comienza aquí la carrera de tu vida.','','','',NULL,NULL,'Comienza aquí la carrera de tu vida. www.upeu.edu.pe',NULL,NULL,NULL,'Espera',7,3),(1083,'Milena Loayza Ferro','984371404','Comienza aquí la carrera de tu vida.','','','',NULL,NULL,'Comienza aquí la carrera de tu vida. www.upeu.edu.pe',NULL,NULL,NULL,'Espera',7,3),(1084,'Katerine Sandra Tantalla','986207204','Comienza aquí la carrera de tu vida.','','','',NULL,NULL,'Comienza aquí la carrera de tu vida. www.upeu.edu.pe',NULL,NULL,NULL,'Espera',7,3),(1085,'Kris Avila Ruba','974619088','Comienza aquí la carrera de tu vida.','','','',NULL,NULL,'Comienza aquí la carrera de tu vida. www.upeu.edu.pe',NULL,NULL,NULL,'Espera',7,3),(1086,'Cristian Jair Vasquez Arana','999059449','Comienza aquí la carrera de tu vida.','','','',NULL,NULL,'Comienza aquí la carrera de tu vida. www.upeu.edu.pe',NULL,NULL,NULL,'Espera',7,3),(1087,'Federic Rubén Palacios Sipauccas','957082579','Comienza aquí la carrera de tu vida.','','','',NULL,NULL,'Comienza aquí la carrera de tu vida. www.upeu.edu.pe',NULL,NULL,NULL,'Espera',7,3),(1088,'Joseph Junior Alanoca Quispe','990358804','Comienza aquí la carrera de tu vida.','','','',NULL,NULL,'Comienza aquí la carrera de tu vida. www.upeu.edu.pe',NULL,NULL,NULL,'Espera',7,3),(1089,'Casandra Sandoval Maldonado','941298932','Comienza aquí la carrera de tu vida.','','','',NULL,NULL,'Comienza aquí la carrera de tu vida. www.upeu.edu.pe',NULL,NULL,NULL,'Espera',7,3),(1090,'Cavero Conde Fiorella','982724493','Comienza aquí la carrera de tu vida.','','','',NULL,NULL,'Comienza aquí la carrera de tu vida. www.upeu.edu.pe',NULL,NULL,NULL,'Espera',7,3),(1091,'Diego Alejandro Monzón','944033200','Comienza aquí la carrera de tu vida.','','','',NULL,NULL,'Comienza aquí la carrera de tu vida. www.upeu.edu.pe',NULL,NULL,NULL,'Espera',7,3),(1092,'Timna Yamil Rios León','942792603','Comienza aquí la carrera de tu vida.','','','',NULL,NULL,'Comienza aquí la carrera de tu vida. www.upeu.edu.pe',NULL,NULL,NULL,'Espera',7,3),(1093,'Wendy Apaza Yabar','961346517','Comienza aquí la carrera de tu vida.','','','',NULL,NULL,'Comienza aquí la carrera de tu vida. www.upeu.edu.pe',NULL,NULL,NULL,'Espera',7,3),(1094,'Luz Angelica Paguada Ruiza','978463534','Comienza aquí la carrera de tu vida.','','','',NULL,NULL,'Comienza aquí la carrera de tu vida. www.upeu.edu.pe',NULL,NULL,NULL,'Espera',7,3),(1095,'Daniel Alades Carrión Hall','984193918','Comienza aquí la carrera de tu vida.','','','',NULL,NULL,'Comienza aquí la carrera de tu vida. www.upeu.edu.pe',NULL,NULL,NULL,'Espera',7,3),(1096,'Danshi David Davacos Ccapatinta','946647905','Comienza aquí la carrera de tu vida.','','','',NULL,NULL,'Comienza aquí la carrera de tu vida. www.upeu.edu.pe',NULL,NULL,NULL,'Espera',7,3),(1097,'Jonathan Ardiles Ccosi','969838197','Comienza aquí la carrera de tu vida.','','','',NULL,NULL,'Comienza aquí la carrera de tu vida. www.upeu.edu.pe',NULL,NULL,NULL,'Espera',7,3),(1098,'Apaza Arias Yohanna Paola','983455973','Comienza aquí la carrera de tu vida.','','','',NULL,NULL,'Comienza aquí la carrera de tu vida. www.upeu.edu.pe',NULL,NULL,NULL,'Espera',7,3),(1099,'José Huaman Hayra','984223702','Comienza aquí la carrera de tu vida.','','','',NULL,NULL,'Comienza aquí la carrera de tu vida. www.upeu.edu.pe',NULL,NULL,NULL,'Espera',7,3),(1100,'Samuel Acosta Perkga','984606174','Comienza aquí la carrera de tu vida.','','','',NULL,NULL,'Comienza aquí la carrera de tu vida. www.upeu.edu.pe',NULL,NULL,NULL,'Espera',7,3),(1101,'Fabiola Chambi Mayta','985313130','Comienza aquí la carrera de tu vida.','','','',NULL,NULL,'Comienza aquí la carrera de tu vida. www.upeu.edu.pe',NULL,NULL,NULL,'Espera',7,3),(1102,'Kliver Mamani Diaz','996448663','Comienza aquí la carrera de tu vida.','','','',NULL,NULL,'Comienza aquí la carrera de tu vida. www.upeu.edu.pe',NULL,NULL,NULL,'Espera',7,3),(1103,'Emerson Donovan Apaza Apaza','938280837','Comienza aquí la carrera de tu vida.','','','',NULL,NULL,'Comienza aquí la carrera de tu vida. www.upeu.edu.pe',NULL,NULL,NULL,'Espera',7,3),(1104,'Elvis Cesaria Flores','972438500','Comienza aquí la carrera de tu vida.','','','',NULL,NULL,'Comienza aquí la carrera de tu vida. www.upeu.edu.pe',NULL,NULL,NULL,'Espera',7,3),(1105,'Manuel Alanocca Ccallo','958756311','Comienza aquí la carrera de tu vida.','','','',NULL,NULL,'Comienza aquí la carrera de tu vida. www.upeu.edu.pe',NULL,NULL,NULL,'Espera',7,3),(1106,'Milthon Corimayo','969142699','Comienza aquí la carrera de tu vida.','','','',NULL,NULL,'Comienza aquí la carrera de tu vida. www.upeu.edu.pe',NULL,NULL,NULL,'Espera',7,3),(1107,'Mijael Mamani Mamani','961660144','Comienza aquí la carrera de tu vida.','','','',NULL,NULL,'Comienza aquí la carrera de tu vida. www.upeu.edu.pe',NULL,NULL,NULL,'Espera',7,3),(1108,'Haydee Blanca Cuello Acsara','940801753','Comienza aquí la carrera de tu vida.','','','',NULL,NULL,'Comienza aquí la carrera de tu vida. www.upeu.edu.pe',NULL,NULL,NULL,'Espera',7,3),(1109,'Jhosmar Ruben Huaman Turpo','953685993','Comienza aquí la carrera de tu vida.','','','',NULL,NULL,'Comienza aquí la carrera de tu vida. www.upeu.edu.pe',NULL,NULL,NULL,'Espera',7,3),(1110,'Paola Aley Apaza Calderón','921660935','Comienza aquí la carrera de tu vida.','','','',NULL,NULL,'Comienza aquí la carrera de tu vida. www.upeu.edu.pe',NULL,NULL,NULL,'Espera',7,3),(1111,'Madelein Paola Jara Mamani','988358748','Comienza aquí la carrera de tu vida.','','','',NULL,NULL,'Comienza aquí la carrera de tu vida. www.upeu.edu.pe',NULL,NULL,NULL,'Espera',7,3),(1112,'Marco Pilco Quispe','930772338','Comienza aquí la carrera de tu vida.','','','',NULL,NULL,'Comienza aquí la carrera de tu vida. www.upeu.edu.pe',NULL,NULL,NULL,'Espera',7,3),(1113,'Nohemi Jhessica Tevez Lade','946781637','Comienza aquí la carrera de tu vida.','','','',NULL,NULL,'Comienza aquí la carrera de tu vida. www.upeu.edu.pe',NULL,NULL,NULL,'Espera',7,3),(1114,'Cristhian Reynaldo Turpo Mendoza','950782007','Comienza aquí la carrera de tu vida.','','','',NULL,NULL,'Comienza aquí la carrera de tu vida. www.upeu.edu.pe',NULL,NULL,NULL,'Espera',7,3),(1115,'Jean Toussaint Taquiri Cáceres','937707756','Comienza aquí la carrera de tu vida.','','','',NULL,NULL,'Comienza aquí la carrera de tu vida. www.upeu.edu.pe',NULL,NULL,NULL,'Espera',7,3),(1116,'Deysi Saraza Ruelas','975459765','Comienza aquí la carrera de tu vida.','','','',NULL,NULL,'Comienza aquí la carrera de tu vida. www.upeu.edu.pe',NULL,NULL,NULL,'Espera',7,3),(1117,'Yakeline Ines Pinto Suxo','943383200','Comienza aquí la carrera de tu vida.','','','',NULL,NULL,'Comienza aquí la carrera de tu vida. www.upeu.edu.pe',NULL,NULL,NULL,'Espera',7,3),(1118,'Santi Mamani Victor Raúl','998481864','Comienza aquí la carrera de tu vida.','','','',NULL,NULL,'Comienza aquí la carrera de tu vida. www.upeu.edu.pe',NULL,NULL,NULL,'Espera',7,3),(1119,'Efrain Ruben Ucharico Arratia','942907830','Comienza aquí la carrera de tu vida.','','','',NULL,NULL,'Comienza aquí la carrera de tu vida. www.upeu.edu.pe',NULL,NULL,NULL,'Espera',7,3),(1120,'Alex Victor Vasquez Acero','996698662','Comienza aquí la carrera de tu vida.','','','',NULL,NULL,'Comienza aquí la carrera de tu vida. www.upeu.edu.pe',NULL,NULL,NULL,'Espera',7,3),(1121,'Elmer Ivan Ucharico Vilca','968185182','Comienza aquí la carrera de tu vida.','','','',NULL,NULL,'Comienza aquí la carrera de tu vida. www.upeu.edu.pe',NULL,NULL,NULL,'Espera',7,3),(1122,'Rosa Gladys Villanueva Mamani','979999044','Comienza aquí la carrera de tu vida.','','','',NULL,NULL,'Comienza aquí la carrera de tu vida. www.upeu.edu.pe',NULL,NULL,NULL,'Espera',7,3),(1123,'Yonatan José Salcedo Callo','935043426','Comienza aquí la carrera de tu vida.','','','',NULL,NULL,'Comienza aquí la carrera de tu vida. www.upeu.edu.pe',NULL,NULL,NULL,'Espera',7,3),(1124,'Eddy Ivan Ucharico Arratia','942907830','Comienza aquí la carrera de tu vida.','','','',NULL,NULL,'Comienza aquí la carrera de tu vida. www.upeu.edu.pe',NULL,NULL,NULL,'Espera',7,3),(1125,'Elvis Rudy Poma Yapuchura','951044963','Comienza aquí la carrera de tu vida.','','','',NULL,NULL,'Comienza aquí la carrera de tu vida. www.upeu.edu.pe',NULL,NULL,NULL,'Espera',7,3),(1126,'Roger Hugo Choque Quispe','963229026','Comienza aquí la carrera de tu vida.','','','',NULL,NULL,'Comienza aquí la carrera de tu vida. www.upeu.edu.pe',NULL,NULL,NULL,'Espera',7,3),(1127,'Daniela Huanaca Cachicatari','951475588','Comienza aquí la carrera de tu vida.','','','',NULL,NULL,'Comienza aquí la carrera de tu vida. www.upeu.edu.pe',NULL,NULL,NULL,'Espera',7,3),(1128,'Daniel Angel Mamani Palacios','998979993','Comienza aquí la carrera de tu vida.','','','',NULL,NULL,'Comienza aquí la carrera de tu vida. www.upeu.edu.pe',NULL,NULL,NULL,'Espera',7,3),(1129,'Ronal Tonconi Rivera','966542840','Comienza aquí la carrera de tu vida.','','','',NULL,NULL,'Comienza aquí la carrera de tu vida. www.upeu.edu.pe',NULL,NULL,NULL,'Espera',7,3),(1130,'Limachi Coaquira Juan','936535770','Comienza aquí la carrera de tu vida.','','','',NULL,NULL,'Comienza aquí la carrera de tu vida. www.upeu.edu.pe',NULL,NULL,NULL,'Espera',7,3),(1131,'Paricahua Quisocala Jeaneth','951124342','Comienza aquí la carrera de tu vida.','','','',NULL,NULL,'Comienza aquí la carrera de tu vida. www.upeu.edu.pe',NULL,NULL,NULL,'Espera',7,3),(1132,'Estofanero Pampa Luis','946880377','Comienza aquí la carrera de tu vida.','','','',NULL,NULL,'Comienza aquí la carrera de tu vida. www.upeu.edu.pe',NULL,NULL,NULL,'Espera',7,3),(1133,'Gomez Apaza James','983213928','Comienza aquí la carrera de tu vida.','','','',NULL,NULL,'Comienza aquí la carrera de tu vida. www.upeu.edu.pe',NULL,NULL,NULL,'Espera',7,3),(1134,'Mamani Mamani Royer','974572233','Comienza aquí la carrera de tu vida.','','','',NULL,NULL,'Comienza aquí la carrera de tu vida. www.upeu.edu.pe',NULL,NULL,NULL,'Espera',7,3),(1135,'Quispe Turpo Heberth Saúl','983784018','Comienza aquí la carrera de tu vida.','','','',NULL,NULL,'Comienza aquí la carrera de tu vida. www.upeu.edu.pe',NULL,NULL,NULL,'Espera',7,3),(1136,'Sucasaca Calizaya José Gonzalo','960273792','Comienza aquí la carrera de tu vida.','','','',NULL,NULL,'Comienza aquí la carrera de tu vida. www.upeu.edu.pe',NULL,NULL,NULL,'Espera',7,3),(1137,'Caracela Cuela Alonso Eddy','939338090','Comienza aquí la carrera de tu vida.','','','',NULL,NULL,'Comienza aquí la carrera de tu vida. www.upeu.edu.pe',NULL,NULL,NULL,'Espera',7,3),(1138,'Pacha Zea Deisy','974722270','Comienza aquí la carrera de tu vida.','','','',NULL,NULL,'Comienza aquí la carrera de tu vida. www.upeu.edu.pe',NULL,NULL,NULL,'Espera',7,3),(1139,'Charca Benavente Jubert','998970999','Comienza aquí la carrera de tu vida.','','','',NULL,NULL,'Comienza aquí la carrera de tu vida. www.upeu.edu.pe',NULL,NULL,NULL,'Espera',7,3),(1140,'Llanque Naira Jidith Noemi','969004476','Comienza aquí la carrera de tu vida.','','','',NULL,NULL,'Comienza aquí la carrera de tu vida. www.upeu.edu.pe',NULL,NULL,NULL,'Espera',7,3),(1141,'Ticona Yucra Lenin','931777404','Comienza aquí la carrera de tu vida.','','','',NULL,NULL,'Comienza aquí la carrera de tu vida. www.upeu.edu.pe',NULL,NULL,NULL,'Espera',7,3),(1142,'Vilca Murga Marisol','950883622','Comienza aquí la carrera de tu vida.','','','',NULL,NULL,'Comienza aquí la carrera de tu vida. www.upeu.edu.pe',NULL,NULL,NULL,'Espera',7,3),(1143,'Puma Puma Rossmery Jessica','974460120','Comienza aquí la carrera de tu vida.','','','',NULL,NULL,'Comienza aquí la carrera de tu vida. www.upeu.edu.pe',NULL,NULL,NULL,'Espera',7,3),(1144,'Quispe Yana José','941291288','Comienza aquí la carrera de tu vida.','','','',NULL,NULL,'Comienza aquí la carrera de tu vida. www.upeu.edu.pe',NULL,NULL,NULL,'Espera',7,3),(1145,'Vilca Quispe Jhon Javier','974537795','Comienza aquí la carrera de tu vida.','','','',NULL,NULL,'Comienza aquí la carrera de tu vida. www.upeu.edu.pe',NULL,NULL,NULL,'Espera',7,3),(1146,'Aceituno Neira Lisbeth','972118444','Comienza aquí la carrera de tu vida.','','','',NULL,NULL,'Comienza aquí la carrera de tu vida. www.upeu.edu.pe',NULL,NULL,NULL,'Espera',7,3),(1147,'Bustincio Panca Deysy Evelyng','996407565','Comienza aquí la carrera de tu vida.','','','',NULL,NULL,'Comienza aquí la carrera de tu vida. www.upeu.edu.pe',NULL,NULL,NULL,'Espera',7,3),(1148,'Quispe Arpi Leonela','958132400','Comienza aquí la carrera de tu vida.','','','',NULL,NULL,'Comienza aquí la carrera de tu vida. www.upeu.edu.pe',NULL,NULL,NULL,'Espera',7,3),(1149,'Mamani Saico Willians','939529954','Comienza aquí la carrera de tu vida.','','','',NULL,NULL,'Comienza aquí la carrera de tu vida. www.upeu.edu.pe',NULL,NULL,NULL,'Espera',7,3),(1150,'Ortiz Tipo Limber','941249707','Comienza aquí la carrera de tu vida.','','','',NULL,NULL,'Comienza aquí la carrera de tu vida. www.upeu.edu.pe',NULL,NULL,NULL,'Espera',7,3),(1151,'Pari Huaman Luz Verónica','921660432','Comienza aquí la carrera de tu vida.','','','',NULL,NULL,'Comienza aquí la carrera de tu vida. www.upeu.edu.pe',NULL,NULL,NULL,'Espera',7,3),(1152,'Sumi Adco Ricardo','936046730','Comienza aquí la carrera de tu vida.','','','',NULL,NULL,'Comienza aquí la carrera de tu vida. www.upeu.edu.pe',NULL,NULL,NULL,'Espera',7,3),(1153,'Apaza Condori Rosmel Josue','999525292','Comienza aquí la carrera de tu vida.','','','',NULL,NULL,'Comienza aquí la carrera de tu vida. www.upeu.edu.pe',NULL,NULL,NULL,'Espera',7,3),(1154,'Flores Ingalla Eudes','983767299','Comienza aquí la carrera de tu vida.','','','',NULL,NULL,'Comienza aquí la carrera de tu vida. www.upeu.edu.pe',NULL,NULL,NULL,'Espera',7,3),(1155,'Apaza Cahui JhonatAN Paul','935953877','Comienza aquí la carrera de tu vida.','','','',NULL,NULL,'Comienza aquí la carrera de tu vida. www.upeu.edu.pe',NULL,NULL,NULL,'Espera',7,3),(1156,'Chambi Bejar Braulio','951145684','Comienza aquí la carrera de tu vida.','','','',NULL,NULL,'Comienza aquí la carrera de tu vida. www.upeu.edu.pe',NULL,NULL,NULL,'Espera',7,3),(1157,'Aguilar Condori Yulina Lizeth','953303687','Comienza aquí la carrera de tu vida.','','','',NULL,NULL,'Comienza aquí la carrera de tu vida. www.upeu.edu.pe',NULL,NULL,NULL,'Espera',7,3),(1158,'Yana Lopez Sheyla Ladydi','950331703','Comienza aquí la carrera de tu vida.','','','',NULL,NULL,'Comienza aquí la carrera de tu vida. www.upeu.edu.pe',NULL,NULL,NULL,'Espera',7,3),(1159,'Mamani Rodriguez Maria del Rosario','921335138','Comienza aquí la carrera de tu vida.','','','',NULL,NULL,'Comienza aquí la carrera de tu vida. www.upeu.edu.pe',NULL,NULL,NULL,'Espera',7,3),(1160,'Saavedra Saavedra Victor Hugo','921172770','Comienza aquí la carrera de tu vida.','','','',NULL,NULL,'Comienza aquí la carrera de tu vida. www.upeu.edu.pe',NULL,NULL,NULL,'Espera',7,3),(1161,'Ccalla Coila Marisol Ana','985646425','Comienza aquí la carrera de tu vida.','','','',NULL,NULL,'Comienza aquí la carrera de tu vida. www.upeu.edu.pe',NULL,NULL,NULL,'Espera',7,3),(1162,'Ticona Ticona Uriel','938755870','Comienza aquí la carrera de tu vida.','','','',NULL,NULL,'Comienza aquí la carrera de tu vida. www.upeu.edu.pe',NULL,NULL,NULL,'Espera',7,3),(1163,'Huacapaza Bendita Natty Roxana','930587965','Comienza aquí la carrera de tu vida.','','','',NULL,NULL,'Comienza aquí la carrera de tu vida. www.upeu.edu.pe',NULL,NULL,NULL,'Espera',7,3),(1164,'Barriales Bentura Whidmar Naim','930231387','Comienza aquí la carrera de tu vida.','','','',NULL,NULL,'Comienza aquí la carrera de tu vida. www.upeu.edu.pe',NULL,NULL,NULL,'Espera',7,3),(1165,'Chambi Chura Tatiana Shirley','944989891','Comienza aquí la carrera de tu vida.','','','',NULL,NULL,'Comienza aquí la carrera de tu vida. www.upeu.edu.pe',NULL,NULL,NULL,'Espera',7,3),(1166,'Salas Endara Renzo Ivan','951411665','Comienza aquí la carrera de tu vida.','','','',NULL,NULL,'Comienza aquí la carrera de tu vida. www.upeu.edu.pe',NULL,NULL,NULL,'Espera',7,3),(1167,'Mamani Quispe Yaneth','951958891','Comienza aquí la carrera de tu vida.','','','',NULL,NULL,'Comienza aquí la carrera de tu vida. www.upeu.edu.pe',NULL,NULL,NULL,'Espera',7,3),(1168,'Mamani Chipana Katie Sandra','971556404','Comienza aquí la carrera de tu vida.','','','',NULL,NULL,'Comienza aquí la carrera de tu vida. www.upeu.edu.pe',NULL,NULL,NULL,'Espera',7,3),(1169,'Apaza Taracayo Dianeth','941243366','Comienza aquí la carrera de tu vida.','','','',NULL,NULL,'Comienza aquí la carrera de tu vida. www.upeu.edu.pe',NULL,NULL,NULL,'Espera',7,3),(1170,'Vasquez Chambi Nery Mónica','935912536','Comienza aquí la carrera de tu vida.','','','',NULL,NULL,'Comienza aquí la carrera de tu vida. www.upeu.edu.pe',NULL,NULL,NULL,'Espera',7,3),(1171,'Mamani Mamani Sonia Rocisela','950361868','Comienza aquí la carrera de tu vida.','','','',NULL,NULL,'Comienza aquí la carrera de tu vida. www.upeu.edu.pe',NULL,NULL,NULL,'Espera',7,3),(1172,'Aleman Ojeda Esther Noemi','972442953','Comienza aquí la carrera de tu vida.','','','',NULL,NULL,'Comienza aquí la carrera de tu vida. www.upeu.edu.pe',NULL,NULL,NULL,'Espera',7,3),(1173,'Mamani Quispe Lizbeth','952474334','Comienza aquí la carrera de tu vida.','','','',NULL,NULL,'Comienza aquí la carrera de tu vida. www.upeu.edu.pe',NULL,NULL,NULL,'Espera',7,3),(1174,'Vilca Arizanca Wilson Ronaldo','984040235','Comienza aquí la carrera de tu vida.','','','',NULL,NULL,'Comienza aquí la carrera de tu vida. www.upeu.edu.pe',NULL,NULL,NULL,'Espera',7,3),(1175,'Mayta Mamani Adelin Lida','931253749','Comienza aquí la carrera de tu vida.','','','',NULL,NULL,'Comienza aquí la carrera de tu vida. www.upeu.edu.pe',NULL,NULL,NULL,'Espera',7,3),(1176,'Lancapa Mamani Rony','931291484','Comienza aquí la carrera de tu vida.','','','',NULL,NULL,'Comienza aquí la carrera de tu vida. www.upeu.edu.pe',NULL,NULL,NULL,'Espera',7,3),(1177,'Hilasaca Velasquez Yohn Antony','943195357','Comienza aquí la carrera de tu vida.','','','',NULL,NULL,'Comienza aquí la carrera de tu vida. www.upeu.edu.pe',NULL,NULL,NULL,'Espera',7,3),(1178,'Banegas Ayamamani Yolanda Milagros','953498028','Comienza aquí la carrera de tu vida.','','','',NULL,NULL,'Comienza aquí la carrera de tu vida. www.upeu.edu.pe',NULL,NULL,NULL,'Espera',7,3),(1179,'Ventura Huaman Claydi','931617655','Comienza aquí la carrera de tu vida.','','','',NULL,NULL,'Comienza aquí la carrera de tu vida. www.upeu.edu.pe',NULL,NULL,NULL,'Espera',7,3),(1180,'Ventura Huaman Claydi','931550576','Comienza aquí la carrera de tu vida.','','','',NULL,NULL,'Comienza aquí la carrera de tu vida. www.upeu.edu.pe',NULL,NULL,NULL,'Espera',7,3),(1181,'Vilca Zapana Lisbeth Jakeline','968266598','Comienza aquí la carrera de tu vida.','','','',NULL,NULL,'Comienza aquí la carrera de tu vida. www.upeu.edu.pe',NULL,NULL,NULL,'Espera',7,3),(1182,'Cari Sacachipana Alicia','968058755','Comienza aquí la carrera de tu vida.','','','',NULL,NULL,'Comienza aquí la carrera de tu vida. www.upeu.edu.pe',NULL,NULL,NULL,'Espera',7,3),(1183,'Machaca Potillo Melisa','936524077','Comienza aquí la carrera de tu vida.','','','',NULL,NULL,'Comienza aquí la carrera de tu vida. www.upeu.edu.pe',NULL,NULL,NULL,'Espera',7,3),(1184,'Sucasaca Pari Jhon Dayvis','998835202','Comienza aquí la carrera de tu vida.','','','',NULL,NULL,'Comienza aquí la carrera de tu vida. www.upeu.edu.pe',NULL,NULL,NULL,'Espera',7,3),(1185,'Capacoila Quispe Maribel','973581657','Comienza aquí la carrera de tu vida.','','','',NULL,NULL,'Comienza aquí la carrera de tu vida. www.upeu.edu.pe',NULL,NULL,NULL,'Espera',7,3),(1186,'Bellida Jacho Fridis','951064018','Comienza aquí la carrera de tu vida.','','','',NULL,NULL,'Comienza aquí la carrera de tu vida. www.upeu.edu.pe',NULL,NULL,NULL,'Espera',7,3),(1187,'Condori Quispe Alberth Michael','974461344','Comienza aquí la carrera de tu vida.','','','',NULL,NULL,'Comienza aquí la carrera de tu vida. www.upeu.edu.pe',NULL,NULL,NULL,'Espera',7,3),(1188,'Ramos Quispe Ninfa','951154981','Comienza aquí la carrera de tu vida.','','','',NULL,NULL,'Comienza aquí la carrera de tu vida. www.upeu.edu.pe',NULL,NULL,NULL,'Espera',7,3),(1189,'Tipula Checasa José Armando','946768765','Comienza aquí la carrera de tu vida.','','','',NULL,NULL,'Comienza aquí la carrera de tu vida. www.upeu.edu.pe',NULL,NULL,NULL,'Espera',7,3),(1190,'Apaza Arizanca Gabizol','984056199','Comienza aquí la carrera de tu vida.','','','',NULL,NULL,'Comienza aquí la carrera de tu vida. www.upeu.edu.pe',NULL,NULL,NULL,'Espera',7,3),(1191,'Gutierrez Ascuña Dennis Raúl','931618854','Comienza aquí la carrera de tu vida.','','','',NULL,NULL,'Comienza aquí la carrera de tu vida. www.upeu.edu.pe',NULL,NULL,NULL,'Espera',7,3),(1192,'Quispe Mamani Jhunior Jorge','970795073','Comienza aquí la carrera de tu vida.','','','',NULL,NULL,'Comienza aquí la carrera de tu vida. www.upeu.edu.pe',NULL,NULL,NULL,'Espera',7,3),(1193,'Quispe Mamani Jhunior Jorge','973671789','Comienza aquí la carrera de tu vida.','','','',NULL,NULL,'Comienza aquí la carrera de tu vida. www.upeu.edu.pe',NULL,NULL,NULL,'Espera',7,3),(1194,'Ramos Miranda Werner','940895549','Comienza aquí la carrera de tu vida.','','','',NULL,NULL,'Comienza aquí la carrera de tu vida. www.upeu.edu.pe',NULL,NULL,NULL,'Espera',7,3),(1195,'Ccari Condon Jhon Kevin','994702440','Comienza aquí la carrera de tu vida.','','','',NULL,NULL,'Comienza aquí la carrera de tu vida. www.upeu.edu.pe',NULL,NULL,NULL,'Espera',7,3),(1196,'Mednoza Quispe Mirian','985747897','Comienza aquí la carrera de tu vida.','','','',NULL,NULL,'Comienza aquí la carrera de tu vida. www.upeu.edu.pe',NULL,NULL,NULL,'Espera',7,3),(1197,'Aviles Condori Yuly Vanessa','943822962','Comienza aquí la carrera de tu vida.','','','',NULL,NULL,'Comienza aquí la carrera de tu vida. www.upeu.edu.pe',NULL,NULL,NULL,'Espera',7,3),(1198,'Arizaca Barrante Ruth Noemí','938466937','Comienza aquí la carrera de tu vida.','','','',NULL,NULL,'Comienza aquí la carrera de tu vida. www.upeu.edu.pe',NULL,NULL,NULL,'Espera',7,3),(1199,'Chura Ortiz Joseph Rayner','968454626','Comienza aquí la carrera de tu vida.','','','',NULL,NULL,'Comienza aquí la carrera de tu vida. www.upeu.edu.pe',NULL,NULL,NULL,'Espera',7,3),(1200,'Ali Alanoca Abelardo','930526730','Comienza aquí la carrera de tu vida.','','','',NULL,NULL,'Comienza aquí la carrera de tu vida. www.upeu.edu.pe',NULL,NULL,NULL,'Espera',7,3),(1201,'Atayupanqui Atayupanqui Santos','984061683','Comienza aquí la carrera de tu vida.','','','',NULL,NULL,'Comienza aquí la carrera de tu vida. www.upeu.edu.pe',NULL,NULL,NULL,'Espera',7,3),(1202,'Maldonado Larico Mariluz','974572432','Comienza aquí la carrera de tu vida.','','','',NULL,NULL,'Comienza aquí la carrera de tu vida. www.upeu.edu.pe',NULL,NULL,NULL,'Espera',7,3),(1203,'Tacuri Hualla Yaneth','974391714','Comienza aquí la carrera de tu vida.','','','',NULL,NULL,'Comienza aquí la carrera de tu vida. www.upeu.edu.pe',NULL,NULL,NULL,'Espera',7,3),(1204,'Condori Mamani Yessica paola','983198005','Comienza aquí la carrera de tu vida.','','','',NULL,NULL,'Comienza aquí la carrera de tu vida. www.upeu.edu.pe',NULL,NULL,NULL,'Espera',7,3),(1205,'Ccori Chambi Raúl Rodrigo','950388932','Comienza aquí la carrera de tu vida.','','','',NULL,NULL,'Comienza aquí la carrera de tu vida. www.upeu.edu.pe',NULL,NULL,NULL,'Espera',7,3),(1206,'Phocco Canaza Anali Maritza','979463801','Comienza aquí la carrera de tu vida.','','','',NULL,NULL,'Comienza aquí la carrera de tu vida. www.upeu.edu.pe',NULL,NULL,NULL,'Espera',7,3),(1207,'Oblitas Sacaco Celestino','952777065','Comienza aquí la carrera de tu vida.','','','',NULL,NULL,'Comienza aquí la carrera de tu vida. www.upeu.edu.pe',NULL,NULL,NULL,'Espera',7,3),(1208,'Mamani Huacollo René','955717976','Comienza aquí la carrera de tu vida.','','','',NULL,NULL,'Comienza aquí la carrera de tu vida. www.upeu.edu.pe',NULL,NULL,NULL,'Espera',7,3),(1209,'Molleapaza Huanco Clever','974795982','Comienza aquí la carrera de tu vida.','','','',NULL,NULL,'Comienza aquí la carrera de tu vida. www.upeu.edu.pe',NULL,NULL,NULL,'Espera',7,3),(1210,'Puma Adco Janeth Ximena','951845000','Comienza aquí la carrera de tu vida.','','','',NULL,NULL,'Comienza aquí la carrera de tu vida. www.upeu.edu.pe',NULL,NULL,NULL,'Espera',7,3),(1211,'Quispe Esacalante Joel Alexis','985362970','Comienza aquí la carrera de tu vida.','','','',NULL,NULL,'Comienza aquí la carrera de tu vida. www.upeu.edu.pe',NULL,NULL,NULL,'Espera',7,3),(1212,'Ambrasio Castro Jaime','973176405','Comienza aquí la carrera de tu vida.','','','',NULL,NULL,'Comienza aquí la carrera de tu vida. www.upeu.edu.pe',NULL,NULL,NULL,'Espera',7,3),(1213,'Mamani Deza Maycol','946636890','Comienza aquí la carrera de tu vida.','','','',NULL,NULL,'Comienza aquí la carrera de tu vida. www.upeu.edu.pe',NULL,NULL,NULL,'Espera',7,3),(1214,'Torres Condori Percy Clemente','946678107','Comienza aquí la carrera de tu vida.','','','',NULL,NULL,'Comienza aquí la carrera de tu vida. www.upeu.edu.pe',NULL,NULL,NULL,'Espera',7,3),(1215,'Santander Pacha Odrilet','944152668','Comienza aquí la carrera de tu vida.','','','',NULL,NULL,'Comienza aquí la carrera de tu vida. www.upeu.edu.pe',NULL,NULL,NULL,'Espera',7,3),(1216,'Lerma Apaza Anthony','973641465','Comienza aquí la carrera de tu vida.','','','',NULL,NULL,'Comienza aquí la carrera de tu vida. www.upeu.edu.pe',NULL,NULL,NULL,'Espera',7,3),(1217,'Adco Mamani Karen Maritza','951620049','Comienza aquí la carrera de tu vida.','','','',NULL,NULL,'Comienza aquí la carrera de tu vida. www.upeu.edu.pe',NULL,NULL,NULL,'Espera',7,3),(1218,'Condori Elvis Rivaldo','971052215','Comienza aquí la carrera de tu vida.','','','',NULL,NULL,'Comienza aquí la carrera de tu vida. www.upeu.edu.pe',NULL,NULL,NULL,'Espera',7,3),(1219,'Rojas Rojas Ronaldo Percy','990579581','Comienza aquí la carrera de tu vida.','','','',NULL,NULL,'Comienza aquí la carrera de tu vida. www.upeu.edu.pe',NULL,NULL,NULL,'Espera',7,3),(1220,'Huaman Valeriano Pedro Luis','921332074','Comienza aquí la carrera de tu vida.','','','',NULL,NULL,'Comienza aquí la carrera de tu vida. www.upeu.edu.pe',NULL,NULL,NULL,'Espera',7,3),(1221,'Callata Coanqui Erik Wilmar','951308041','Comienza aquí la carrera de tu vida.','','','',NULL,NULL,'Comienza aquí la carrera de tu vida. www.upeu.edu.pe',NULL,NULL,NULL,'Espera',7,3),(1222,'Ccallo Lopez Wilmer','954898299','Comienza aquí la carrera de tu vida.','','','',NULL,NULL,'Comienza aquí la carrera de tu vida. www.upeu.edu.pe',NULL,NULL,NULL,'Espera',7,3),(1223,'Mamani Catunta Wilson','950391333','Comienza aquí la carrera de tu vida.','','','',NULL,NULL,'Comienza aquí la carrera de tu vida. www.upeu.edu.pe',NULL,NULL,NULL,'Espera',7,3),(1224,'Quispe Arias Ramiro','935527341','Comienza aquí la carrera de tu vida.','','','',NULL,NULL,'Comienza aquí la carrera de tu vida. www.upeu.edu.pe',NULL,NULL,NULL,'Espera',7,3),(1225,'Cahuina Parqui Rocio','995939312','Comienza aquí la carrera de tu vida.','','','',NULL,NULL,'Comienza aquí la carrera de tu vida. www.upeu.edu.pe',NULL,NULL,NULL,'Espera',7,3),(1226,'Yucra Sucapuca Newton Vladimir','921984052','Comienza aquí la carrera de tu vida.','','','',NULL,NULL,'Comienza aquí la carrera de tu vida. www.upeu.edu.pe',NULL,NULL,NULL,'Espera',7,3),(1227,'Laura Quispe Justo','942633615','Comienza aquí la carrera de tu vida.','','','',NULL,NULL,'Comienza aquí la carrera de tu vida. www.upeu.edu.pe',NULL,NULL,NULL,'Espera',7,3),(1228,'Tapia Luque Smith','973133298','Comienza aquí la carrera de tu vida.','','','',NULL,NULL,'Comienza aquí la carrera de tu vida. www.upeu.edu.pe',NULL,NULL,NULL,'Espera',7,3),(1229,'Quispe Rengel Armando','966661623','Comienza aquí la carrera de tu vida.','','','',NULL,NULL,'Comienza aquí la carrera de tu vida. www.upeu.edu.pe',NULL,NULL,NULL,'Espera',7,3),(1230,'Mercado Pacma Elvis Sadan','971418465','Comienza aquí la carrera de tu vida.','','','',NULL,NULL,'Comienza aquí la carrera de tu vida. www.upeu.edu.pe',NULL,NULL,NULL,'Espera',7,3),(1231,'Mamani Quelca Edilson','958119655','Comienza aquí la carrera de tu vida.','','','',NULL,NULL,'Comienza aquí la carrera de tu vida. www.upeu.edu.pe',NULL,NULL,NULL,'Espera',7,3),(1232,'Tito Paredes Rosmery','939535096','Comienza aquí la carrera de tu vida.','','','',NULL,NULL,'Comienza aquí la carrera de tu vida. www.upeu.edu.pe',NULL,NULL,NULL,'Espera',7,3),(1233,'Barrantes Limahuaya Brigida Verónica','950041550','Comienza aquí la carrera de tu vida.','','','',NULL,NULL,'Comienza aquí la carrera de tu vida. www.upeu.edu.pe',NULL,NULL,NULL,'Espera',7,3),(1234,'Aquise Aquise Ruth','969092835','Comienza aquí la carrera de tu vida.','','','',NULL,NULL,'Comienza aquí la carrera de tu vida. www.upeu.edu.pe',NULL,NULL,NULL,'Espera',7,3),(1235,'Mamani Molleapaza Diego Armando','975418880','Comienza aquí la carrera de tu vida.','','','',NULL,NULL,'Comienza aquí la carrera de tu vida. www.upeu.edu.pe',NULL,NULL,NULL,'Espera',7,3),(1236,'Quispe Apaza Carmen','957709901','Comienza aquí la carrera de tu vida.','','','',NULL,NULL,'Comienza aquí la carrera de tu vida. www.upeu.edu.pe',NULL,NULL,NULL,'Espera',7,3),(1237,'Quispe Apaza Carmen','976688984','Comienza aquí la carrera de tu vida.','','','',NULL,NULL,'Comienza aquí la carrera de tu vida. www.upeu.edu.pe',NULL,NULL,NULL,'Espera',7,3),(1238,'Churata Chuquipalla Yoselyn Karen','957708719','Comienza aquí la carrera de tu vida.','','','',NULL,NULL,'Comienza aquí la carrera de tu vida. www.upeu.edu.pe',NULL,NULL,NULL,'Espera',7,3),(1239,'Checa Apaza lizbeth','951511983','Comienza aquí la carrera de tu vida.','','','',NULL,NULL,'Comienza aquí la carrera de tu vida. www.upeu.edu.pe',NULL,NULL,NULL,'Espera',7,3),(1240,'Tapara Rivera Henrri','978643481','Comienza aquí la carrera de tu vida.','','','',NULL,NULL,'Comienza aquí la carrera de tu vida. www.upeu.edu.pe',NULL,NULL,NULL,'Espera',7,3),(1241,'Luque Luque Victor','974716992','Comienza aquí la carrera de tu vida.','','','',NULL,NULL,'Comienza aquí la carrera de tu vida. www.upeu.edu.pe',NULL,NULL,NULL,'Espera',7,3),(1242,'Yucra Yucra Emerson','951508240','Comienza aquí la carrera de tu vida.','','','',NULL,NULL,'Comienza aquí la carrera de tu vida. www.upeu.edu.pe',NULL,NULL,NULL,'Espera',7,3),(1243,'Rodriguez Lima Beatriz','995516069','Comienza aquí la carrera de tu vida.','','','',NULL,NULL,'Comienza aquí la carrera de tu vida. www.upeu.edu.pe',NULL,NULL,NULL,'Espera',7,3),(1244,'Quispe Layme Zenovia','930526768','Comienza aquí la carrera de tu vida.','','','',NULL,NULL,'Comienza aquí la carrera de tu vida. www.upeu.edu.pe',NULL,NULL,NULL,'Espera',7,3),(1245,'Rodriguez Robles Mireya','951021127','Comienza aquí la carrera de tu vida.','','','',NULL,NULL,'Comienza aquí la carrera de tu vida. www.upeu.edu.pe',NULL,NULL,NULL,'Espera',7,3),(1246,'Luque Quispe Tony Saúl','974311486','Comienza aquí la carrera de tu vida.','','','',NULL,NULL,'Comienza aquí la carrera de tu vida. www.upeu.edu.pe',NULL,NULL,NULL,'Espera',7,3),(1247,'Hilari Machaca Ronald','973616600','Comienza aquí la carrera de tu vida.','','','',NULL,NULL,'Comienza aquí la carrera de tu vida. www.upeu.edu.pe',NULL,NULL,NULL,'Espera',7,3),(1248,'Chimchereoma Acrota Ruben Angel','921332598','Comienza aquí la carrera de tu vida.','','','',NULL,NULL,'Comienza aquí la carrera de tu vida. www.upeu.edu.pe',NULL,NULL,NULL,'Espera',7,3),(1249,'Cayo Vega Aron Ronald','950814719','Comienza aquí la carrera de tu vida.','','','',NULL,NULL,'Comienza aquí la carrera de tu vida. www.upeu.edu.pe',NULL,NULL,NULL,'Espera',7,3),(1250,'Carrion Yujra Paul','946632336','Comienza aquí la carrera de tu vida.','','','',NULL,NULL,'Comienza aquí la carrera de tu vida. www.upeu.edu.pe',NULL,NULL,NULL,'Espera',7,3),(1251,'Ccama Pacha Eva Luz','944525712','Comienza aquí la carrera de tu vida.','','','',NULL,NULL,'Comienza aquí la carrera de tu vida. www.upeu.edu.pe',NULL,NULL,NULL,'Espera',7,3),(1252,'Quispe Quispe Yaneth','940805101','Comienza aquí la carrera de tu vida.','','','',NULL,NULL,'Comienza aquí la carrera de tu vida. www.upeu.edu.pe',NULL,NULL,NULL,'Espera',7,3),(1253,'Cardenas Vilca Estefano','949898154','Comienza aquí la carrera de tu vida.','','','',NULL,NULL,'Comienza aquí la carrera de tu vida. www.upeu.edu.pe',NULL,NULL,NULL,'Espera',7,3),(1254,'Vasquez Chambi Yordy','948458894','Comienza aquí la carrera de tu vida.','','','',NULL,NULL,'Comienza aquí la carrera de tu vida. www.upeu.edu.pe',NULL,NULL,NULL,'Espera',7,3),(1255,'Pinto Perez Sebastian','934221414','Comienza aquí la carrera de tu vida.','','','',NULL,NULL,'Comienza aquí la carrera de tu vida. www.upeu.edu.pe',NULL,NULL,NULL,'Espera',7,3),(1256,'Mamani leque Ronal Yonatan','957022906','Comienza aquí la carrera de tu vida.','','','',NULL,NULL,'Comienza aquí la carrera de tu vida. www.upeu.edu.pe',NULL,NULL,NULL,'Espera',7,3),(1257,'Nadal Vilca Mayrovi','951810045','Comienza aquí la carrera de tu vida.','','','',NULL,NULL,'Comienza aquí la carrera de tu vida. www.upeu.edu.pe',NULL,NULL,NULL,'Espera',7,3),(1258,'Huanco Alvarez Alex Alipio','921287348','Comienza aquí la carrera de tu vida.','','','',NULL,NULL,'Comienza aquí la carrera de tu vida. www.upeu.edu.pe',NULL,NULL,NULL,'Espera',7,3),(1259,'Luque Flores Luz Lizbeth','955630542','Comienza aquí la carrera de tu vida.','','','',NULL,NULL,'Comienza aquí la carrera de tu vida. www.upeu.edu.pe',NULL,NULL,NULL,'Espera',7,3),(1260,'Justus Quispe Yamilet Rocio','950751565','Comienza aquí la carrera de tu vida.','','','',NULL,NULL,'Comienza aquí la carrera de tu vida. www.upeu.edu.pe',NULL,NULL,NULL,'Espera',7,3),(1261,'Coaquira Pineda Yuliño Oliver','956122668','Comienza aquí la carrera de tu vida.','','','',NULL,NULL,'Comienza aquí la carrera de tu vida. www.upeu.edu.pe',NULL,NULL,NULL,'Espera',7,3),(1262,'Larico Casas Denis Guido','940865467','Comienza aquí la carrera de tu vida.','','','',NULL,NULL,'Comienza aquí la carrera de tu vida. www.upeu.edu.pe',NULL,NULL,NULL,'Espera',7,3),(1263,'Leonardo Mamani Yeni','938847427','Comienza aquí la carrera de tu vida.','','','',NULL,NULL,'Comienza aquí la carrera de tu vida. www.upeu.edu.pe',NULL,NULL,NULL,'Espera',7,3),(1264,'Santi Colque','952497831','Comienza aquí la carrera de tu vida.','','','',NULL,NULL,'Comienza aquí la carrera de tu vida. www.upeu.edu.pe',NULL,NULL,NULL,'Espera',7,3),(1265,'Payehuanca Parizaca Karen Yanesy','951951194','Comienza aquí la carrera de tu vida.','','','',NULL,NULL,'Comienza aquí la carrera de tu vida. www.upeu.edu.pe',NULL,NULL,NULL,'Espera',7,3),(1266,'Payehuanca Parizaca Karen Yanesy','970900938','Comienza aquí la carrera de tu vida.','','','',NULL,NULL,'Comienza aquí la carrera de tu vida. www.upeu.edu.pe',NULL,NULL,NULL,'Espera',7,3),(1267,'Soncco Quispe Edison Leonel','948407709','Comienza aquí la carrera de tu vida.','','','',NULL,NULL,'Comienza aquí la carrera de tu vida. www.upeu.edu.pe',NULL,NULL,NULL,'Espera',7,3),(1268,'Condori Turpo Ruben','988191520','Comienza aquí la carrera de tu vida.','','','',NULL,NULL,'Comienza aquí la carrera de tu vida. www.upeu.edu.pe',NULL,NULL,NULL,'Espera',7,3),(1269,'Lluhicho Carcahusto Jhon Kevin','988196305','Comienza aquí la carrera de tu vida.','','','',NULL,NULL,'Comienza aquí la carrera de tu vida. www.upeu.edu.pe',NULL,NULL,NULL,'Espera',7,3),(1270,'Machaca Pinto Pedro Martin','951655662','Comienza aquí la carrera de tu vida.','','','',NULL,NULL,'Comienza aquí la carrera de tu vida. www.upeu.edu.pe',NULL,NULL,NULL,'Espera',7,3),(1271,'Calsin Sanchez Henry Amado','996000874','Comienza aquí la carrera de tu vida.','','','',NULL,NULL,'Comienza aquí la carrera de tu vida. www.upeu.edu.pe',NULL,NULL,NULL,'Espera',7,3),(1272,'Villa Cuno Elver','940673390','Comienza aquí la carrera de tu vida.','','','',NULL,NULL,'Comienza aquí la carrera de tu vida. www.upeu.edu.pe',NULL,NULL,NULL,'Espera',7,3),(1273,'Churana Mamani Franklin','989624822','Comienza aquí la carrera de tu vida.','','','',NULL,NULL,'Comienza aquí la carrera de tu vida. www.upeu.edu.pe',NULL,NULL,NULL,'Espera',7,3),(1274,'Medrano Mamani Yhon Cristian','950007770','Comienza aquí la carrera de tu vida.','','','',NULL,NULL,'Comienza aquí la carrera de tu vida. www.upeu.edu.pe',NULL,NULL,NULL,'Espera',7,3),(1275,'Mamani Apaza Fredy','974360508','Comienza aquí la carrera de tu vida.','','','',NULL,NULL,'Comienza aquí la carrera de tu vida. www.upeu.edu.pe',NULL,NULL,NULL,'Espera',7,3),(1276,'Mamani Larico Bill Deyson','937046383','Comienza aquí la carrera de tu vida.','','','',NULL,NULL,'Comienza aquí la carrera de tu vida. www.upeu.edu.pe',NULL,NULL,NULL,'Espera',7,3),(1277,'Quispe Mayhua Tiffani Jhayde','935492568','Comienza aquí la carrera de tu vida.','','','',NULL,NULL,'Comienza aquí la carrera de tu vida. www.upeu.edu.pe',NULL,NULL,NULL,'Espera',7,3),(1278,'Chuquimamani Quispe Ruth Noemi','933771999','Comienza aquí la carrera de tu vida.','','','',NULL,NULL,'Comienza aquí la carrera de tu vida. www.upeu.edu.pe',NULL,NULL,NULL,'Espera',7,3),(1279,'Tapara Cotacallapa Evelin Estefanie','991957825','Comienza aquí la carrera de tu vida.','','','',NULL,NULL,'Comienza aquí la carrera de tu vida. www.upeu.edu.pe',NULL,NULL,NULL,'Espera',7,3),(1280,'Mamani Peralta Ever','968109977','Comienza aquí la carrera de tu vida.','','','',NULL,NULL,'Comienza aquí la carrera de tu vida. www.upeu.edu.pe',NULL,NULL,NULL,'Espera',7,3),(1281,'Mamani Peralta Ever','998579501','Comienza aquí la carrera de tu vida.','','','',NULL,NULL,'Comienza aquí la carrera de tu vida. www.upeu.edu.pe',NULL,NULL,NULL,'Espera',7,3),(1282,'Mullisaca Mullisaca Ronal','944064147','Comienza aquí la carrera de tu vida.','','','',NULL,NULL,'Comienza aquí la carrera de tu vida. www.upeu.edu.pe',NULL,NULL,NULL,'Espera',7,3);

/*Table structure for table `usersystem` */

DROP TABLE IF EXISTS `usersystem`;

CREATE TABLE `usersystem` (
  `id` bigint(20) NOT NULL AUTO_INCREMENT,
  `login` varchar(60) DEFAULT NULL,
  `password` varchar(120) DEFAULT NULL,
  `dateIni` timestamp NULL DEFAULT NULL,
  `DateEnd` timestamp NULL DEFAULT NULL,
  `firstName` varchar(30) DEFAULT NULL,
  `lastNameF` varchar(30) DEFAULT NULL,
  `lastNameM` varchar(30) DEFAULT NULL,
  `statusUser` varchar(20) DEFAULT NULL,
  `dateCreated` timestamp NULL DEFAULT NULL,
  `departamentId` bigint(20) DEFAULT NULL,
  PRIMARY KEY (`id`),
  KEY `R_3` (`departamentId`),
  CONSTRAINT `usersystem_ibfk_1` FOREIGN KEY (`departamentId`) REFERENCES `departament` (`id`)
) ENGINE=InnoDB AUTO_INCREMENT=4 DEFAULT CHARSET=utf8;

/*Data for the table `usersystem` */

insert  into `usersystem`(`id`,`login`,`password`,`dateIni`,`DateEnd`,`firstName`,`lastNameF`,`lastNameM`,`statusUser`,`dateCreated`,`departamentId`) values (1,'admin','F/PZtTgA4k5q/9o6Jzik6w==','2016-07-31 00:00:00','2016-09-16 00:00:00','[SISTEMAS]','Omar','Calsin Curo','Activo',NULL,3),(2,'fia.juliaca','F/PZtTgA4k5q/9o6Jzik6w==','2016-07-31 23:00:00','2016-11-10 23:00:00','FIA','FIA','FIA','Activo',NULL,2),(3,'admision.juliaca@upeu.pe','15cRFpI8gaah3pq+M6cBykhw/lFbiofDyxnO0LO/zsw=','2016-05-04 23:00:00','2016-11-17 23:00:00','Pedro','Layme','Layme','Activo',NULL,1);

/*Table structure for table `usersystemrole` */

DROP TABLE IF EXISTS `usersystemrole`;

CREATE TABLE `usersystemrole` (
  `userId` bigint(20) NOT NULL,
  `roleId` bigint(20) NOT NULL,
  PRIMARY KEY (`userId`,`roleId`),
  KEY `R_2` (`roleId`),
  CONSTRAINT `usersystemrole_ibfk_1` FOREIGN KEY (`userId`) REFERENCES `usersystem` (`id`),
  CONSTRAINT `usersystemrole_ibfk_2` FOREIGN KEY (`roleId`) REFERENCES `role` (`id`)
) ENGINE=InnoDB DEFAULT CHARSET=utf8;

/*Data for the table `usersystemrole` */

insert  into `usersystemrole`(`userId`,`roleId`) values (1,1),(3,1),(1,2),(3,2),(1,3),(2,3),(3,3);

/*!40101 SET SQL_MODE=@OLD_SQL_MODE */;
/*!40014 SET FOREIGN_KEY_CHECKS=@OLD_FOREIGN_KEY_CHECKS */;
/*!40014 SET UNIQUE_CHECKS=@OLD_UNIQUE_CHECKS */;
/*!40111 SET SQL_NOTES=@OLD_SQL_NOTES */;
